Ref_ID,Simulation_Voc,Simulation_Jsc,JV_default_Voc,Simulation_PCE,Simulation_FF
20,1.02199,28.621589999999998,0.913,20.28508,0.6934836
22,1.018846,32.78008,1.06,25.38835,0.7601793
23,1.018846,32.78008,1.09,25.38835,0.7601793
24,1.018846,32.78008,1.1,25.38835,0.7601793
25,1.018846,32.78008,1.07,25.38835,0.7601793
26,1.018846,32.78008,1.06,25.38835,0.7601793
27,1.018846,32.78008,1.1,25.38835,0.7601793
72,1.021338,25.52844,1.12,18.39718,0.7055982
89,1.021665,28.310340000000004,1.0,20.1113,0.6953228
90,1.021665,28.310340000000004,1.1,20.1113,0.6953228
91,1.021665,28.310340000000004,1.1,20.1113,0.6953228
169,1.021488,28.141820000000003,1.05,20.01644,0.6963078
170,1.021488,28.141820000000003,1.03,20.01644,0.6963078
171,1.021488,28.141820000000003,0.98,20.01644,0.6963078
267,0.9851425,27.79205,1.1,20.31818,0.7421047
268,0.9851425,27.79205,1.08,20.31818,0.7421047
297,1.022387,29.00568,1.01,20.50515,0.691456
391,1.022387,29.00568,0.888,20.50515,0.691456
411,1.010764,23.66972,1.07,16.99361,0.7103011
412,1.010764,23.66972,1.07,16.99361,0.7103011
413,1.010764,23.66972,1.091,16.99361,0.7103011
414,1.010764,23.66972,1.103,16.99361,0.7103011
415,1.010764,23.66972,1.101,16.99361,0.7103011
416,1.010764,23.66972,1.07,16.99361,0.7103011
475,1.008589,25.622539999999997,0.96,20.12844,0.7788856
529,1.017452,28.558069999999997,1.05,22.44388,0.7724229
853,1.022215,28.838350000000002,1.03,20.40725,0.6922641
854,1.022215,28.838350000000002,1.06,20.40725,0.6922641
855,1.022215,28.838350000000002,1.01,20.40725,0.6922641
856,1.022215,28.838350000000002,1.01,20.40725,0.6922641
918,1.023095,29.67414,1.04,23.18474,0.7636742
919,1.023095,29.67414,1.072,23.18474,0.7636742
923,1.105538,32.94883,0.98,26.79765,0.7356699
924,1.105538,32.94883,1.01,26.79765,0.7356699
925,1.105538,32.94883,0.96,26.79765,0.7356699
926,1.105538,32.94883,1.01,26.79765,0.7356699
927,1.105538,32.94883,0.98,26.79765,0.7356699
928,1.105538,32.94883,1.02,26.79765,0.7356699
929,1.105538,32.94883,0.96,26.79765,0.7356699
930,1.105538,32.94883,1.0,26.79765,0.7356699
931,1.105538,32.94883,0.91,26.79765,0.7356699
932,1.105538,32.94883,1.0,26.79765,0.7356699
946,1.006824,25.93206,0.984,20.30379,0.7776544
947,1.006824,25.93206,0.979,20.30379,0.7776544
948,1.006824,25.93206,1.004,20.30379,0.7776544
949,1.006824,25.93206,0.99,20.30379,0.7776544
950,1.006824,25.93206,0.97,20.30379,0.7776544
951,1.006824,25.93206,0.99,20.30379,0.7776544
952,1.006824,25.93206,0.986,20.30379,0.7776544
953,1.006824,25.93206,1.004,20.30379,0.7776544
1145,1.022215,28.838350000000002,1.06,20.40725,0.6922641
1146,1.022215,28.838350000000002,1.06,20.40725,0.6922641
1147,1.022215,28.838350000000002,1.07,20.40725,0.6922641
1148,1.022215,28.838350000000002,1.07,20.40725,0.6922641
1149,1.022215,28.838350000000002,1.07,20.40725,0.6922641
1150,1.022215,28.838350000000002,1.07,20.40725,0.6922641
1151,1.022215,28.838350000000002,1.08,20.40725,0.6922641
1152,1.022215,28.838350000000002,1.1,20.40725,0.6922641
1153,1.022215,28.838350000000002,1.07,20.40725,0.6922641
1154,1.022215,28.838350000000002,1.1,20.40725,0.6922641
1166,1.011232,26.618650000000002,1.03,18.81013,0.6988038
1241,0.994064,27.57193,1.075,21.07016,0.7687522
1242,0.994064,27.57193,1.075,21.07016,0.7687522
1261,1.021488,28.141820000000003,0.975,20.01644,0.6963078
1352,1.02199,28.621589999999998,1.01,20.28508,0.6934836
1353,1.02199,28.621589999999998,1.09,20.28508,0.6934836
1354,1.02199,28.621589999999998,1.1,20.28508,0.6934836
1355,1.02199,28.621589999999998,1.04,20.28508,0.6934836
1356,1.021488,28.141820000000003,1.101,20.01644,0.6963078
1357,1.021488,28.141820000000003,1.109,20.01644,0.6963078
1358,1.021488,28.141820000000003,1.109,20.01644,0.6963078
1359,1.021488,28.141820000000003,1.102,20.01644,0.6963078
1360,1.021488,28.141820000000003,1.071,20.01644,0.6963078
1361,1.021488,28.141820000000003,1.102,20.01644,0.6963078
1362,1.021488,28.141820000000003,1.105,20.01644,0.6963078
1363,1.021488,28.141820000000003,1.102,20.01644,0.6963078
1364,1.021488,28.141820000000003,1.104,20.01644,0.6963078
1365,1.021488,28.141820000000003,1.11,20.01644,0.6963078
1371,1.022395,29.01108,0.833,20.50905,0.6914537
1507,1.022514,29.12998,1.01,20.57748,0.6908486
1597,1.022215,28.838350000000002,,20.40725,0.6922641
1612,0.9747924,26.54785,1.098,17.79488,0.6876279
1613,1.035189,20.57472,1.01,11.29739,0.5304258
1614,1.030813,12.732800000000001,1.05,7.230557,0.550894
1615,0.9985827,20.2799,1.09,12.78691,0.6314165
1616,1.030813,12.732800000000001,0.927,7.230557,0.550894
1821,1.022383,32.83186,0.94,26.23864,0.781686
1822,1.022383,32.83186,0.95,26.23864,0.781686
2024,1.021665,28.310340000000004,0.99,20.1113,0.6953228
2025,1.021665,28.310340000000004,0.99,20.1113,0.6953228
2026,1.021665,28.310340000000004,1.07,20.1113,0.6953228
2027,1.021665,28.310340000000004,0.84,20.1113,0.6953228
2028,1.021665,28.310340000000004,0.97,20.1113,0.6953228
2029,1.021665,28.310340000000004,0.944,20.1113,0.6953228
2030,1.021665,28.310340000000004,0.945,20.1113,0.6953228
2031,1.021665,28.310340000000004,0.975,20.1113,0.6953228
2032,1.021665,28.310340000000004,0.82,20.1113,0.6953228
2039,1.025414,32.257130000000004,0.02,25.07478,0.7580754
2078,1.030334,31.50027,0.89,22.55789,0.6950344
2082,1.000926,28.19477,1.08,21.52378,0.7626896
2083,1.000926,28.19477,1.01,21.52378,0.7626896
2084,1.000926,28.19477,1.05,21.52378,0.7626896
2085,1.000926,28.19477,1.09,21.52378,0.7626896
2086,1.000926,28.19477,1.05,21.52378,0.7626896
2087,1.000926,28.19477,1.02,21.52378,0.7626896
2099,1.011846,27.71475,1.06,21.69587,0.7736627
2103,1.011846,27.71475,,21.69587,0.7736627
2114,1.026225,32.446039999999996,1.03,26.32153,0.7905088
2115,1.026225,32.446039999999996,1.1,26.32153,0.7905088
2116,1.026225,32.446039999999996,1.07,26.32153,0.7905088
2699,1.029427,33.79475,0.8240000000000001,27.44934,0.7890183
2756,0.9934844,30.60765,1.04,22.69145,0.7462275
2757,0.9934844,30.60765,1.01,22.69145,0.7462275
2837,1.014463,28.985660000000003,1.02,20.07153,0.682592
2844,1.029427,33.79475,0.8240000000000001,27.44934,0.7890183
2873,1.022387,29.00568,1.01,20.50515,0.691456
2874,1.022387,29.00568,1.01,20.50515,0.691456
2875,1.022387,29.00568,0.94,20.50515,0.691456
2876,1.022387,29.00568,0.92,20.50515,0.691456
2877,1.022387,29.00568,1.08,20.50515,0.691456
2878,1.022387,29.00568,1.04,20.50515,0.691456
2900,1.02199,28.621589999999998,0.99,20.28508,0.6934836
2901,1.02199,28.621589999999998,1.07,20.28508,0.6934836
2928,1.020585,27.345589999999998,0.91,22.29101,0.7987173
3019,1.026225,32.446039999999996,1.07,26.32153,0.7905088
3218,1.022387,29.00568,1.01,20.50515,0.691456
3384,1.022387,29.00568,1.03,20.50515,0.691456
3385,1.022387,29.00568,1.03,20.50515,0.691456
3386,1.022387,29.00568,1.03,20.50515,0.691456
3415,1.022387,29.00568,1.02,20.50515,0.691456
3499,1.022387,29.00568,1.045,20.50515,0.691456
3503,0.9855934,24.70003,0.93,18.09496,0.7432968
3504,0.9932603,25.81331,0.93,18.95856,0.7394325
3505,0.9930709,24.58587,0.88,18.22256,0.7463519
3506,0.9969038,24.9698,0.87,18.56413,0.7457727
3551,1.008925,25.89772,1.06,20.33582,0.7782901
3552,1.008925,25.89772,1.08,20.33582,0.7782901
3553,1.008925,25.89772,1.11,20.33582,0.7782901
3554,1.008925,25.89772,1.12,20.33582,0.7782901
3568,1.022387,29.00568,1.1,20.50515,0.691456
3655,1.022387,29.00568,0.88,20.50515,0.691456
3696,1.01356,27.12395,0.935,20.72143,0.7537328
3697,1.01356,27.12395,0.97,20.72143,0.7537328
3698,1.01356,27.12395,0.951,20.72143,0.7537328
3699,1.01356,27.12395,0.972,20.72143,0.7537328
3700,1.01356,27.12395,0.953,20.72143,0.7537328
3701,1.01356,27.12395,0.965,20.72143,0.7537328
3709,1.008514,25.56311,1.07,20.08283,0.7789858
3710,1.008514,25.56311,1.07,20.08283,0.7789858
3789,1.022215,28.838350000000002,1.07,20.40725,0.6922641
3822,1.022387,29.00568,0.89,20.50515,0.691456
3823,1.022387,29.00568,0.8,20.50515,0.691456
3824,1.022387,29.00568,0.78,20.50515,0.691456
3825,1.022387,29.00568,0.75,20.50515,0.691456
3826,1.022387,29.00568,0.76,20.50515,0.691456
3827,1.022387,29.00568,0.64,20.50515,0.691456
3903,1.022387,29.00568,1.06,20.50515,0.691456
3953,1.000895,26.98723,1.09,20.88106,0.7730471
3955,1.000895,26.98723,1.02,20.88106,0.7730471
4012,1.022387,29.00568,1.01,20.50515,0.691456
4028,1.022387,29.00568,0.97,20.50515,0.691456
4029,1.022387,29.00568,,20.50515,0.691456
4030,1.022387,29.00568,0.97,20.50515,0.691456
4033,1.009903,27.740820000000003,1.01,21.26487,0.7590381
4076,1.021745,25.808980000000002,0.856,18.52689,0.7025688
4101,1.022387,29.00568,1.03,20.50515,0.691456
4102,1.022387,29.00568,1.08,20.50515,0.691456
4172,1.022387,29.00568,1.1,20.50515,0.691456
4173,1.022387,29.00568,0.96,20.50515,0.691456
4174,1.022387,29.00568,1.04,20.50515,0.691456
4199,1.000895,26.98723,1.09,20.88106,0.7730471
4200,1.000895,26.98723,1.09,20.88106,0.7730471
4237,1.022387,29.00568,0.97,20.50515,0.691456
4238,1.022387,29.00568,0.92,20.50515,0.691456
4239,1.022387,29.00568,0.78,20.50515,0.691456
4299,1.021308,27.759359999999997,0.95,19.78888,0.6979995
4300,1.022387,29.00568,0.94,20.50515,0.691456
4301,1.021811,27.75099,0.97,19.76132,0.6968946
4302,1.03376,34.990030000000004,1.0,24.46365,0.6763276
4303,1.021912,24.72246,1.0,17.8669,0.707203
4304,1.020744,23.752969999999998,0.98,17.2731,0.7124186
4305,1.021308,27.759359999999997,0.905,19.78888,0.6979995
4306,1.022387,29.00568,0.92,20.50515,0.691456
4307,1.021811,27.75099,0.95,19.76132,0.6968946
4308,1.03376,34.990030000000004,0.94,24.46365,0.6763276
4309,1.021912,24.72246,0.55,17.8669,0.707203
4310,1.020744,23.752969999999998,0.935,17.2731,0.7124186
4311,1.022215,28.838350000000002,1.07,20.40725,0.6922641
4375,1.022387,29.00568,0.75,20.50515,0.691456
4376,1.022387,29.00568,0.87,20.50515,0.691456
4377,1.022387,29.00568,0.96,20.50515,0.691456
4378,1.022387,29.00568,0.92,20.50515,0.691456
4379,1.022387,29.00568,0.88,20.50515,0.691456
4380,1.021819,28.458890000000004,0.96,20.19359,0.6944188
4381,1.021819,28.458890000000004,1.01,20.19359,0.6944188
4382,1.021819,28.458890000000004,0.98,20.19359,0.6944188
4383,1.021819,28.458890000000004,1.0,20.19359,0.6944188
4384,1.021819,28.458890000000004,0.99,20.19359,0.6944188
4490,1.022579,24.58637,0.85,16.52134,0.6571341
4492,1.054815,30.549259999999997,0.72,8.584492,0.2664021
4513,1.022387,29.00568,0.94,20.50515,0.691456
4586,1.022534,29.14615,1.05,20.58835,0.6908162
4587,1.022534,29.14615,1.09,20.58835,0.6908162
4813,1.022534,29.14615,1.08,20.58835,0.6908162
4914,1.008514,25.56311,1.11,20.08283,0.7789858
4915,1.008514,25.56311,1.14,20.08283,0.7789858
4961,1.000125,27.334629999999997,0.78,18.91321,0.6918272
5029,1.029146,31.1894,0.92,25.75042,0.8022325
5033,1.029146,31.1894,0.93,25.75042,0.8022325
5037,1.029146,31.1894,0.93,25.75042,0.8022325
5041,1.029146,31.1894,0.93,25.75042,0.8022325
5045,1.029146,31.1894,0.92,25.75042,0.8022325
5049,1.029146,31.1894,0.9,25.75042,0.8022325
5053,1.029146,31.1894,0.88,25.75042,0.8022325
5351,1.022387,29.00568,0.932,20.50515,0.691456
5560,1.022215,28.838350000000002,1.06,20.40725,0.6922641
5675,0.9928413,24.743029999999997,0.019,18.64868,0.7591284
5676,0.9928413,24.743029999999997,0.02,18.64868,0.7591284
5681,0.9928413,24.743029999999997,,18.64868,0.7591284
5682,1.010245,24.8702,0.98,19.13086,0.7614272
5683,1.010245,24.8702,0.96,19.13086,0.7614272
5686,1.010245,24.8702,0.96,19.13086,0.7614272
5687,1.010245,24.8702,0.96,19.13086,0.7614272
5760,1.023015,29.471420000000002,0.926,23.98863,0.7956503
5848,1.022215,28.838350000000002,0.93,20.40725,0.6922641
5849,1.022215,28.838350000000002,0.93,20.40725,0.6922641
5850,1.022215,28.838350000000002,0.99,20.40725,0.6922641
5851,1.022215,28.838350000000002,0.72,20.40725,0.6922641
5852,1.022215,28.838350000000002,0.95,20.40725,0.6922641
5853,1.022215,28.838350000000002,0.97,20.40725,0.6922641
5854,1.022215,28.838350000000002,0.97,20.40725,0.6922641
5862,1.022215,28.838350000000002,1.06,20.40725,0.6922641
5934,1.02199,28.621589999999998,0.99,20.28508,0.6934836
6210,1.022387,29.00568,1.037,20.50515,0.691456
6211,1.022387,29.00568,1.044,20.50515,0.691456
6520,1.008252,25.35528,0.99,19.92244,0.7793009
6521,1.008252,25.35528,0.69,19.92244,0.7793009
6522,1.008252,25.35528,0.51,19.92244,0.7793009
6523,1.008252,25.35528,0.86,19.92244,0.7793009
6524,1.008252,25.35528,0.6,19.92244,0.7793009
6525,1.008252,25.35528,0.91,19.92244,0.7793009
6526,1.008252,25.35528,0.85,19.92244,0.7793009
6527,1.008252,25.35528,0.78,19.92244,0.7793009
6528,1.008252,25.35528,0.79,19.92244,0.7793009
6529,1.008252,25.35528,1.029,19.92244,0.7793009
6530,1.008252,25.35528,1.011,19.92244,0.7793009
6728,1.015774,29.81257,1.137,23.96735,0.7914499
6751,1.024879,29.21146,0.05,23.91837,0.7989241
6752,1.024879,29.21146,0.6,23.91837,0.7989241
6753,1.024879,29.21146,0.82,23.91837,0.7989241
6754,1.024879,29.21146,1.0,23.91837,0.7989241
6755,1.024879,29.21146,1.05,23.91837,0.7989241
6756,1.024879,29.21146,0.78,23.91837,0.7989241
6757,1.024879,29.21146,0.59,23.91837,0.7989241
6758,1.024879,29.21146,0.87,23.91837,0.7989241
6759,1.024879,29.21146,0.95,23.91837,0.7989241
6760,1.024879,29.21146,1.0,23.91837,0.7989241
6761,1.024879,29.21146,0.82,23.91837,0.7989241
6762,1.024879,29.21146,0.97,23.91837,0.7989241
6891,1.024787,29.852690000000003,1.1,24.2416,0.7923994
6892,1.024787,29.852690000000003,1.09,24.2416,0.7923994
6917,1.022387,29.00568,0.95,20.50515,0.691456
6918,1.022387,29.00568,0.93,20.50515,0.691456
6919,1.022387,29.00568,0.93,20.50515,0.691456
6920,1.022387,29.00568,0.91,20.50515,0.691456
6921,1.022387,29.00568,0.9,20.50515,0.691456
6922,1.022387,29.00568,0.93,20.50515,0.691456
6923,1.022387,29.00568,0.92,20.50515,0.691456
7018,1.013005,24.87931,0.815,18.64739,0.7398919
7019,1.013005,24.87931,0.8590000000000001,18.64739,0.7398919
7020,1.013005,24.87931,1.006,18.64739,0.7398919
7021,1.013005,24.87931,1.012,18.64739,0.7398919
7022,1.013005,24.87931,1.003,18.64739,0.7398919
7023,1.013005,24.87931,1.009,18.64739,0.7398919
7024,1.013005,24.87931,0.968,18.64739,0.7398919
7135,1.022341,29.689190000000004,0.965,24.1692,0.7962846
7137,1.022341,29.689190000000004,0.758,24.1692,0.7962846
7145,1.022215,28.838350000000002,1.05,20.40725,0.6922641
7146,1.022215,28.838350000000002,0.98,20.40725,0.6922641
7147,1.022215,28.838350000000002,0.95,20.40725,0.6922641
7148,1.022215,28.838350000000002,0.91,20.40725,0.6922641
7149,1.022215,28.838350000000002,0.87,20.40725,0.6922641
7150,1.022215,28.838350000000002,0.69,20.40725,0.6922641
7203,1.022215,28.838350000000002,0.93,20.40725,0.6922641
7204,1.022215,28.838350000000002,0.938,20.40725,0.6922641
7225,1.021488,28.141820000000003,1.078,20.01644,0.6963078
7226,1.021488,28.141820000000003,1.095,20.01644,0.6963078
7227,1.021488,28.141820000000003,1.111,20.01644,0.6963078
7480,1.014687,29.519099999999998,0.92,23.02853,0.7688311
7481,1.014687,29.519099999999998,0.94,23.02853,0.7688311
7482,1.017303,30.80581,0.95,24.58326,0.7844346
7483,1.017303,30.80581,1.05,24.58326,0.7844346
7484,1.017303,30.80581,1.03,24.58326,0.7844346
7485,1.017303,30.80581,1.02,24.58326,0.7844346
7486,1.017303,30.80581,0.95,24.58326,0.7844346
7487,1.017303,30.80581,1.06,24.58326,0.7844346
7488,1.017303,30.80581,1.01,24.58326,0.7844346
7489,1.017303,30.80581,1.02,24.58326,0.7844346
7490,1.017303,30.80581,1.05,24.58326,0.7844346
7497,1.011054,24.19104,1.02,17.31235,0.707827
7498,1.011054,24.19104,0.93,17.31235,0.707827
7548,1.026305,32.53803,0.92,26.39254,0.790339
7549,1.026305,32.53803,0.9,26.39254,0.790339
7550,1.026305,32.53803,0.89,26.39254,0.790339
7552,1.026305,32.53803,0.96,26.39254,0.790339
7642,1.00889,25.86545,0.172,20.31344,0.7784305
7643,1.00889,25.86545,0.276,20.31344,0.7784305
7644,1.00889,25.86545,0.63,20.31344,0.7784305
7645,1.00889,25.86545,0.7140000000000001,20.31344,0.7784305
7762,1.022387,29.00568,1.06,20.50515,0.691456
7763,1.022387,29.00568,1.05,20.50515,0.691456
7764,1.022387,29.00568,1.06,20.50515,0.691456
7765,1.022387,29.00568,1.08,20.50515,0.691456
7766,1.022387,29.00568,1.05,20.50515,0.691456
7767,1.022387,29.00568,1.05,20.50515,0.691456
7768,1.022387,29.00568,1.07,20.50515,0.691456
7946,1.014205,28.86047,1.11,21.82761,0.7457224
8023,1.022387,29.00568,0.974,20.50515,0.691456
8024,1.022387,29.00568,1.1,20.50515,0.691456
8032,1.019893,29.348540000000003,1.01,21.51348,0.7187365
8033,1.019893,29.348540000000003,0.99,21.51348,0.7187365
8034,1.019893,29.348540000000003,0.97,21.51348,0.7187365
8057,1.008245,25.356270000000002,0.954,19.91984,0.7791738
8058,1.025959,32.14859,1.013,26.08852,0.7909654
8086,1.022387,29.00568,1.053,20.50515,0.691456
8087,1.022387,29.00568,1.037,20.50515,0.691456
8088,1.022387,29.00568,1.046,20.50515,0.691456
8089,1.022387,29.00568,1.027,20.50515,0.691456
8166,1.021488,28.141820000000003,0.81,20.01644,0.6963078
8167,1.021488,28.141820000000003,0.8,20.01644,0.6963078
8168,1.021488,28.141820000000003,0.68,20.01644,0.6963078
8169,1.021488,28.141820000000003,0.8,20.01644,0.6963078
8177,1.01101,26.42493,1.05,18.6969,0.6998425
8178,1.01101,26.42493,0.85,18.6969,0.6998425
8179,1.01101,26.42493,0.95,18.6969,0.6998425
8180,1.01101,26.42493,1.0,18.6969,0.6998425
8181,1.01101,26.42493,1.05,18.6969,0.6998425
8182,1.01101,26.42493,1.05,18.6969,0.6998425
8198,1.022387,29.00568,1.05,20.50515,0.691456
8199,1.022387,29.00568,1.06,20.50515,0.691456
8200,1.022387,29.00568,0.92,20.50515,0.691456
8201,1.022387,29.00568,0.91,20.50515,0.691456
8247,1.022387,29.00568,1.02,20.50515,0.691456
8254,1.022387,29.00568,0.99,20.50515,0.691456
8329,1.022215,28.838350000000002,0.96,20.40725,0.6922641
8330,1.022215,28.838350000000002,1.07,20.40725,0.6922641
8331,1.022215,28.838350000000002,1.05,20.40725,0.6922641
8332,1.022215,28.838350000000002,1.1,20.40725,0.6922641
8454,1.01791,28.894470000000002,0.91,20.62023,0.701083
8514,1.008514,25.56311,0.77,20.08283,0.7789858
8515,1.008514,25.56311,0.68,20.08283,0.7789858
8647,1.02199,28.621589999999998,1.037,20.28508,0.6934836
8700,1.022215,28.838350000000002,1.12,20.40725,0.6922641
8701,1.022215,28.838350000000002,1.12,20.40725,0.6922641
8755,1.008883,25.89771,0.948,20.33669,0.7783557
8756,1.022215,28.838350000000002,1.02,20.40725,0.6922641
8757,1.022215,28.838350000000002,1.04,20.40725,0.6922641
8766,1.02303,29.48507,0.9,24.00032,0.7956582
8767,1.02303,29.48507,0.93,24.00032,0.7956582
8768,1.02303,29.48507,0.94,24.00032,0.7956582
8769,1.02303,29.48507,0.95,24.00032,0.7956582
8770,1.02303,29.48507,0.92,24.00032,0.7956582
8771,1.02303,29.48507,0.93,24.00032,0.7956582
8772,1.02303,29.48507,0.92,24.00032,0.7956582
8773,1.02303,29.48507,0.94,24.00032,0.7956582
8774,1.02303,29.48507,0.96,24.00032,0.7956582
8775,1.02303,29.48507,0.93,24.00032,0.7956582
8818,1.024292,33.991550000000004,0.91,27.21001,0.7815091
8819,1.018238,28.52629,1.09,22.93809,0.7897011
8831,0.9870708,27.839170000000003,0.95,20.65021,0.7514845
8832,0.9870708,27.839170000000003,0.98,20.65021,0.7514845
8833,0.9870708,27.839170000000003,0.98,20.65021,0.7514845
8849,1.026294,32.48895,1.017,26.36185,0.7906212
8850,1.012749,28.378339999999998,1.023,22.18332,0.7718589
8851,1.016388,30.786450000000002,1.031,23.95479,0.7655492
8852,1.016388,30.786450000000002,1.014,23.95479,0.7655492
8853,1.013257,26.861200000000004,1.048,20.53947,0.7546475
8854,1.025542,34.143209999999996,0.978,24.39239,0.6966213
8969,1.022387,29.00568,0.85,20.50515,0.691456
8970,1.022387,29.00568,1.09,20.50515,0.691456
9062,1.022387,29.00568,0.81,20.50515,0.691456
9063,1.022387,29.00568,0.93,20.50515,0.691456
9064,1.022387,29.00568,0.8,20.50515,0.691456
9065,1.022387,29.00568,0.93,20.50515,0.691456
9066,1.022387,29.00568,0.97,20.50515,0.691456
9080,1.022387,29.00568,1.06,20.50515,0.691456
9090,1.021488,28.141820000000003,0.9,20.01644,0.6963078
9093,1.022387,29.00568,1.01,20.50515,0.691456
9094,1.022387,29.00568,1.01,20.50515,0.691456
9097,1.021488,28.141820000000003,1.05,20.01644,0.6963078
9098,1.021488,28.141820000000003,1.07,20.01644,0.6963078
9099,1.021488,28.141820000000003,1.08,20.01644,0.6963078
9100,1.021488,28.141820000000003,1.08,20.01644,0.6963078
9101,1.021488,28.141820000000003,1.07,20.01644,0.6963078
9102,1.021488,28.141820000000003,1.07,20.01644,0.6963078
9106,1.022387,29.00568,1.06,20.50515,0.691456
9107,1.022387,29.00568,1.08,20.50515,0.691456
9108,1.022387,29.00568,0.98,20.50515,0.691456
9109,1.022387,29.00568,1.02,20.50515,0.691456
9110,1.022387,29.00568,1.06,20.50515,0.691456
9111,1.022387,29.00568,1.04,20.50515,0.691456
9112,1.022387,29.00568,1.07,20.50515,0.691456
9113,1.022387,29.00568,1.07,20.50515,0.691456
9114,1.022387,29.00568,1.09,20.50515,0.691456
9115,1.022387,29.00568,1.06,20.50515,0.691456
9138,1.022387,29.00568,1.067,20.50515,0.691456
9224,1.021717,28.360719999999997,1.1,20.1389,0.6950052
9225,1.021717,28.360719999999997,1.08,20.1389,0.6950052
9226,1.021717,28.360719999999997,1.07,20.1389,0.6950052
9289,1.040379,33.80746,1.05,26.2743,0.7470112
9291,1.040379,33.80746,1.05,26.2743,0.7470112
9293,1.040379,33.80746,,26.2743,0.7470112
9294,1.040379,33.80746,,26.2743,0.7470112
9295,1.040379,33.80746,,26.2743,0.7470112
9296,1.040379,33.80746,,26.2743,0.7470112
9783,1.022387,29.00568,1.08,20.50515,0.691456
9784,1.022387,29.00568,1.16,20.50515,0.691456
9785,1.022387,29.00568,1.14,20.50515,0.691456
9786,1.022387,29.00568,1.08,20.50515,0.691456
9787,1.022387,29.00568,1.12,20.50515,0.691456
9867,1.022387,29.00568,0.88,20.50515,0.691456
9868,1.022387,29.00568,0.94,20.50515,0.691456
9869,1.022387,29.00568,0.97,20.50515,0.691456
9870,1.022387,29.00568,0.96,20.50515,0.691456
9916,1.022387,29.00568,1.09,20.50515,0.691456
9917,1.022387,29.00568,1.13,20.50515,0.691456
9918,1.022387,29.00568,1.07,20.50515,0.691456
9919,1.022387,29.00568,1.06,20.50515,0.691456
9920,1.022387,29.00568,1.03,20.50515,0.691456
9921,1.022387,29.00568,1.07,20.50515,0.691456
9955,1.02199,28.621589999999998,1.111,20.28508,0.6934836
9956,1.02199,28.621589999999998,1.138,20.28508,0.6934836
10212,1.022387,29.00568,1.06,20.50515,0.691456
10237,1.022387,29.00568,1.05,20.50515,0.691456
10238,1.022387,29.00568,1.06,20.50515,0.691456
10239,1.022387,29.00568,1.06,20.50515,0.691456
10243,1.022387,29.00568,1.09,20.50515,0.691456
10248,1.022387,29.00568,1.09,20.50515,0.691456
10596,1.000203,26.426889999999997,0.861,20.59497,0.7791606
10597,1.000203,26.426889999999997,0.84,20.59497,0.7791606
10598,1.000203,26.426889999999997,0.884,20.59497,0.7791606
10599,1.000203,26.426889999999997,0.861,20.59497,0.7791606
10600,1.000203,26.426889999999997,1.01,20.59497,0.7791606
10601,1.000203,26.426889999999997,1.0,20.59497,0.7791606
10602,1.000203,26.426889999999997,1.0,20.59497,0.7791606
10603,1.000203,26.426889999999997,0.86,20.59497,0.7791606
10627,1.013257,26.861200000000004,0.87,20.53947,0.7546475
10628,1.013257,26.861200000000004,0.94,20.53947,0.7546475
10667,1.022215,28.838350000000002,1.1,20.40725,0.6922641
10785,1.022387,29.00568,1.01,20.50515,0.691456
10923,1.009873,25.53787,1.01,20.64593,0.8005395
11012,1.022387,29.00568,1.05,20.50515,0.691456
11106,1.021717,28.360719999999997,,20.1389,0.6950052
11140,1.010367,28.140069999999998,1.1,19.73405,0.694084
11141,1.010367,28.140069999999998,1.05,19.73405,0.694084
11142,1.010367,28.140069999999998,1.08,19.73405,0.694084
11143,1.010367,28.140069999999998,1.05,19.73405,0.694084
11144,1.010367,28.140069999999998,0.91,19.73405,0.694084
11226,1.022534,29.14615,1.05,20.58835,0.6908162
11236,1.022387,29.00568,1.05,20.50515,0.691456
11257,1.022215,28.838350000000002,1.04,20.40725,0.6922641
11258,1.008925,25.89772,1.04,20.33582,0.7782901
11259,1.008925,25.89772,1.04,20.33582,0.7782901
11260,1.008925,25.89772,1.04,20.33582,0.7782901
11269,1.022215,28.838350000000002,0.87,20.40725,0.6922641
11270,1.022215,28.838350000000002,0.89,20.40725,0.6922641
11271,1.022215,28.838350000000002,0.94,20.40725,0.6922641
11272,1.022215,28.838350000000002,0.97,20.40725,0.6922641
11273,1.022215,28.838350000000002,0.99,20.40725,0.6922641
11274,1.022215,28.838350000000002,1.0,20.40725,0.6922641
11275,1.022215,28.838350000000002,0.94,20.40725,0.6922641
11312,1.022215,28.838350000000002,0.97,20.40725,0.6922641
11313,1.022215,28.838350000000002,0.95,20.40725,0.6922641
11397,0.9848352,20.84531,1.092,14.78747,0.720314
11398,1.010367,28.140069999999998,1.015,19.73405,0.694084
11399,1.030334,31.50027,1.036,22.55789,0.6950344
11400,1.030825,24.64694,1.034,18.03213,0.7097393
11730,1.012143,27.98179,0.94,21.89041,0.7729233
11731,1.012143,27.98179,0.9,21.89041,0.7729233
11732,1.012143,27.98179,0.88,21.89041,0.7729233
11733,1.012143,27.98179,0.94,21.89041,0.7729233
11734,1.012143,27.98179,0.93,21.89041,0.7729233
11735,1.012143,27.98179,0.88,21.89041,0.7729233
11736,1.012143,27.98179,0.98,21.89041,0.7729233
11737,1.012143,27.98179,0.93,21.89041,0.7729233
11738,1.012143,27.98179,0.9,21.89041,0.7729233
11739,1.012143,27.98179,0.98,21.89041,0.7729233
11740,1.012143,27.98179,0.94,21.89041,0.7729233
11741,1.012143,27.98179,0.93,21.89041,0.7729233
11765,1.022215,28.838350000000002,0.986,20.40725,0.6922641
11766,1.022215,28.838350000000002,1.035,20.40725,0.6922641
11772,1.026225,32.446039999999996,1.05,26.32153,0.7905088
11773,1.026225,32.446039999999996,1.1,26.32153,0.7905088
11787,1.022387,29.00568,1.068,20.50515,0.691456
11800,1.021616,28.21039,1.04,22.98819,0.7976423
11801,1.021616,28.21039,1.03,22.98819,0.7976423
11802,1.021616,28.21039,1.06,22.98819,0.7976423
11803,1.021616,28.21039,1.09,22.98819,0.7976423
11804,1.021616,28.21039,1.05,22.98819,0.7976423
11805,1.021616,28.21039,1.01,22.98819,0.7976423
11981,1.022387,29.00568,0.95,20.50515,0.691456
11982,1.022387,29.00568,0.94,20.50515,0.691456
12000,1.023159,29.627910000000004,0.99,24.1101,0.7953436
12001,1.023159,29.627910000000004,0.99,24.1101,0.7953436
12002,1.023159,29.627910000000004,0.98,24.1101,0.7953436
12032,1.022387,29.00568,0.9,20.50515,0.691456
12033,1.022387,29.00568,0.91,20.50515,0.691456
12054,1.021973,27.522219999999997,1.03,19.61529,0.6973837
12055,1.023063,33.61426,1.04,23.24702,0.6759918
12056,0.9977122,21.37243,1.06,15.34639,0.7196925
12079,1.014116,31.07882,1.06,21.25933,0.6745239
12454,1.02199,28.621589999999998,0.417,20.28508,0.6934836
12455,1.02199,28.621589999999998,0.747,20.28508,0.6934836
12499,1.02199,28.621589999999998,1.101,20.28508,0.6934836
12500,1.02199,28.621589999999998,1.07,20.28508,0.6934836
12501,1.02199,28.621589999999998,1.044,20.28508,0.6934836
12639,1.008514,25.56311,0.64,20.08283,0.7789858
12640,1.008514,25.56311,0.64,20.08283,0.7789858
12641,1.022215,28.838350000000002,1.03,20.40725,0.6922641
12818,1.022387,29.00568,0.88,20.50515,0.691456
12820,1.022215,28.838350000000002,1.016,20.40725,0.6922641
12912,1.003414,27.252,0.98,20.52311,0.7505239
12913,1.003414,27.252,0.96,20.52311,0.7505239
13147,1.022215,28.838350000000002,1.07,20.40725,0.6922641
13148,1.022215,28.838350000000002,1.06,20.40725,0.6922641
13198,0.976258,26.99597,0.6579999999999999,18.47931,0.7011682
13199,0.976258,26.99597,0.622,18.47931,0.7011682
13200,0.976258,26.99597,0.67,18.47931,0.7011682
13201,0.976258,26.99597,0.782,18.47931,0.7011682
13202,0.976258,26.99597,0.7440000000000001,18.47931,0.7011682
13203,0.976258,26.99597,0.698,18.47931,0.7011682
13204,0.976258,26.99597,0.71,18.47931,0.7011682
13205,0.976258,26.99597,0.71,18.47931,0.7011682
13246,1.022387,29.00568,1.07,20.50515,0.691456
13247,1.022387,29.00568,,20.50515,0.691456
13310,1.022387,29.00568,0.94,20.50515,0.691456
13312,1.022387,29.00568,0.83,20.50515,0.691456
13411,1.022387,29.00568,1.032,20.50515,0.691456
13412,1.022387,29.00568,0.987,20.50515,0.691456
13413,1.022387,29.00568,1.036,20.50515,0.691456
13414,1.022387,29.00568,0.999,20.50515,0.691456
13456,1.023319,33.12357,1.055,22.95186,0.6771264
13457,1.023319,33.12357,1.02,22.95186,0.6771264
13458,1.023319,33.12357,1.016,22.95186,0.6771264
13459,1.023319,33.12357,1.04,22.95186,0.6771264
13460,1.023319,33.12357,1.107,22.95186,0.6771264
13461,1.023319,33.12357,1.07,22.95186,0.6771264
13462,1.023319,33.12357,1.019,22.95186,0.6771264
13463,1.023319,33.12357,0.98,22.95186,0.6771264
13464,1.023319,33.12357,1.079,22.95186,0.6771264
13480,1.029256,32.9634,,26.88252,0.7923454
13481,1.029256,32.9634,,26.88252,0.7923454
13500,1.005508,26.76153,1.08,20.95688,0.7788075
13501,1.005508,26.76153,,20.95688,0.7788075
13506,1.021488,28.141820000000003,0.94,20.01644,0.6963078
13507,1.021488,28.141820000000003,0.91,20.01644,0.6963078
13917,1.021665,28.310340000000004,1.02,20.1113,0.6953228
13918,1.021665,28.310340000000004,1.0590000000000002,20.1113,0.6953228
13919,1.021665,28.310340000000004,1.0659999999999998,20.1113,0.6953228
14030,1.02858,33.15417,1.03,26.88943,0.7885066
14038,1.02858,33.15417,1.03,26.88943,0.7885066
14042,1.02858,33.15417,1.03,26.88943,0.7885066
14092,1.00669,25.8408,0.92,20.21537,0.7771051
14093,1.00669,25.8408,0.9,20.21537,0.7771051
14102,1.021717,28.360719999999997,0.75,20.1389,0.6950052
14156,0.9981159,25.093790000000002,0.958,19.16511,0.7651811
14208,0.9844378,28.7457,0.949,21.243,0.7506799
14222,1.006425,26.25131,0.96,19.09749,0.7228429
14298,1.022387,29.00568,1.07,20.50515,0.691456
14299,1.022387,29.00568,1.09,20.50515,0.691456
14842,1.016346,27.365140000000004,1.06,21.63513,0.7778937
14979,1.022387,29.00568,0.8170000000000001,20.50515,0.691456
14980,1.022387,29.00568,0.86,20.50515,0.691456
14981,1.022387,29.00568,0.957,20.50515,0.691456
15048,1.022387,29.00568,0.986,20.50515,0.691456
15049,1.022387,29.00568,1.009,20.50515,0.691456
15050,1.022387,29.00568,0.984,20.50515,0.691456
15051,1.022387,29.00568,0.933,20.50515,0.691456
15052,1.022387,29.00568,0.991,20.50515,0.691456
15053,1.022387,29.00568,0.991,20.50515,0.691456
15054,1.022387,29.00568,0.986,20.50515,0.691456
15060,1.022215,28.838350000000002,0.98,20.40725,0.6922641
15094,1.021857,28.466320000000003,1.07,23.19132,0.7972676
15096,1.021857,28.466320000000003,1.07,23.19132,0.7972676
15097,1.012162,29.315710000000003,0.82,20.28205,0.683536
15098,1.012162,29.315710000000003,1.02,20.28205,0.683536
15101,1.012162,29.315710000000003,,20.28205,0.683536
15102,1.012162,29.315710000000003,,20.28205,0.683536
15105,1.012162,29.315710000000003,1.018,20.28205,0.683536
15106,1.012162,29.315710000000003,1.022,20.28205,0.683536
15107,1.012162,29.315710000000003,1.023,20.28205,0.683536
15108,1.012162,29.315710000000003,1.0,20.28205,0.683536
15110,1.012162,29.315710000000003,,20.28205,0.683536
15112,1.012162,29.315710000000003,,20.28205,0.683536
15114,1.012162,29.315710000000003,,20.28205,0.683536
15178,1.021179,25.43315,1.02,18.37337,0.7074356
15179,1.021179,25.43315,1.03,18.37337,0.7074356
15180,1.021179,25.43315,1.05,18.37337,0.7074356
15181,1.021179,25.43315,1.05,18.37337,0.7074356
15182,1.021179,25.43315,1.05,18.37337,0.7074356
15183,1.021179,25.43315,1.04,18.37337,0.7074356
15184,1.021179,25.43315,1.07,18.37337,0.7074356
15185,1.021179,25.43315,1.07,18.37337,0.7074356
15186,1.021179,25.43315,1.07,18.37337,0.7074356
15187,1.021179,25.43315,1.07,18.37337,0.7074356
15188,1.021179,25.43315,1.02,18.37337,0.7074356
15189,1.021179,25.43315,1.01,18.37337,0.7074356
15190,1.021179,25.43315,1.04,18.37337,0.7074356
15191,1.021179,25.43315,1.06,18.37337,0.7074356
15192,1.021179,25.43315,1.06,18.37337,0.7074356
15193,1.021179,25.43315,1.06,18.37337,0.7074356
15194,1.021179,25.43315,1.01,18.37337,0.7074356
15195,1.021179,25.43315,1.03,18.37337,0.7074356
15196,1.021179,25.43315,1.06,18.37337,0.7074356
15197,1.021179,25.43315,1.05,18.37337,0.7074356
15838,1.0218,28.438209999999998,,20.18331,0.6945831
15839,1.0218,28.438209999999998,,20.18331,0.6945831
15840,1.0218,28.438209999999998,,20.18331,0.6945831
15841,1.0218,28.438209999999998,,20.18331,0.6945831
15614,1.021488,28.141820000000003,,20.01644,0.6963078
15616,1.030928,31.10111,1.0,25.45164,0.7938009
15832,1.0218,28.438209999999998,0.85,20.18331,0.6945831
15833,1.0218,28.438209999999998,0.87,20.18331,0.6945831
15834,1.0218,28.438209999999998,0.76,20.18331,0.6945831
15835,1.0218,28.438209999999998,0.7,20.18331,0.6945831
15836,1.0218,28.438209999999998,0.71,20.18331,0.6945831
15837,1.0218,28.438209999999998,0.71,20.18331,0.6945831
15842,1.0218,28.438209999999998,0.88,20.18331,0.6945831
15843,1.0218,28.438209999999998,0.8,20.18331,0.6945831
15844,1.0218,28.438209999999998,0.75,20.18331,0.6945831
15845,1.0218,28.438209999999998,0.72,20.18331,0.6945831
15846,1.0218,28.438209999999998,0.76,20.18331,0.6945831
15847,1.0218,28.438209999999998,,20.18331,0.6945831
15848,1.0218,28.438209999999998,,20.18331,0.6945831
15849,1.0218,28.438209999999998,,20.18331,0.6945831
15850,1.0218,28.438209999999998,,20.18331,0.6945831
15851,1.0218,28.438209999999998,,20.18331,0.6945831
16106,1.030334,31.50027,1.02,22.55789,0.6950344
16107,1.030334,31.50027,1.02,22.55789,0.6950344
16108,1.030334,31.50027,1.02,22.55789,0.6950344
16109,1.030334,31.50027,0.99,22.55789,0.6950344
16140,1.022215,28.838350000000002,1.03,20.40725,0.6922641
16141,1.022215,28.838350000000002,1.03,20.40725,0.6922641
16142,1.022215,28.838350000000002,1.02,20.40725,0.6922641
16143,1.022215,28.838350000000002,1.02,20.40725,0.6922641
16144,1.022215,28.838350000000002,1.02,20.40725,0.6922641
16145,1.022215,28.838350000000002,1.03,20.40725,0.6922641
16146,1.022215,28.838350000000002,1.05,20.40725,0.6922641
16147,1.022215,28.838350000000002,1.02,20.40725,0.6922641
16148,1.022215,28.838350000000002,1.03,20.40725,0.6922641
16149,1.022215,28.838350000000002,1.02,20.40725,0.6922641
16346,1.022387,29.00568,1.01,20.50515,0.691456
16355,1.022387,29.00568,1.0,20.50515,0.691456
16356,1.022387,29.00568,1.0,20.50515,0.691456
16357,1.022387,29.00568,0.95,20.50515,0.691456
16358,1.022387,29.00568,0.65,20.50515,0.691456
16359,1.022387,29.00568,0.6,20.50515,0.691456
16360,1.022387,29.00568,0.2,20.50515,0.691456
16382,1.022215,28.838350000000002,1.08,20.40725,0.6922641
16383,1.022215,28.838350000000002,1.09,20.40725,0.6922641
16384,1.022215,28.838350000000002,1.09,20.40725,0.6922641
16399,0.9974107,26.535469999999997,1.01,20.00299,0.7557778
16400,0.9974107,26.535469999999997,1.04,20.00299,0.7557778
16401,0.9974107,26.535469999999997,1.03,20.00299,0.7557778
16402,0.9974107,26.535469999999997,1.08,20.00299,0.7557778
16403,0.9787413,22.8167,1.03,16.65493,0.7457991
16404,0.9974107,26.535469999999997,1.02,20.00299,0.7557778
16487,1.009279,25.39676,0.95,19.97757,0.7793868
16540,1.022765,29.20046,1.05,23.77536,0.7960887
16541,1.022765,29.20046,1.071,23.77536,0.7960887
16551,1.022387,29.00568,1.0,20.50515,0.691456
16629,1.013443,27.02394,0.898,21.31883,0.7784228
16630,1.013443,27.02394,0.912,21.31883,0.7784228
16631,1.013443,27.02394,0.913,21.31883,0.7784228
16632,1.013443,27.02394,0.923,21.31883,0.7784228
16648,1.022534,29.14615,1.1,20.58835,0.6908162
16649,1.022534,29.14615,1.11,20.58835,0.6908162
16650,1.022534,29.14615,0.97,20.58835,0.6908162
16653,1.022215,28.838350000000002,1.069,20.40725,0.6922641
16654,1.022215,28.838350000000002,1.02,20.40725,0.6922641
16755,1.022387,29.00568,1.04,20.50515,0.691456
16756,1.022387,29.00568,1.03,20.50515,0.691456
16761,1.03764,35.473349999999996,0.96,28.81077,0.7827194
16762,1.018264,24.91084,0.93,19.72057,0.7774466
16763,1.013704,26.36169,0.81,20.7661,0.7770884
16778,1.021665,28.310340000000004,,20.1113,0.6953228
16779,1.021665,28.310340000000004,,20.1113,0.6953228
16861,1.022387,29.00568,1.08,20.50515,0.691456
16893,1.022387,29.00568,1.08,20.50515,0.691456
17142,1.022387,29.00568,1.07,20.50515,0.691456
17143,1.008514,25.56311,0.92,20.08283,0.7789858
17144,1.008514,25.56311,0.94,20.08283,0.7789858
17145,1.008514,25.56311,0.94,20.08283,0.7789858
17146,1.008514,25.56311,0.9,20.08283,0.7789858
17147,1.008514,25.56311,0.87,20.08283,0.7789858
17255,1.022387,29.00568,1.006,20.50515,0.691456
17256,1.022387,29.00568,1.026,20.50515,0.691456
17257,1.022387,29.00568,1.036,20.50515,0.691456
17258,1.022387,29.00568,1.026,20.50515,0.691456
17259,1.022387,29.00568,0.998,20.50515,0.691456
17716,1.011172,25.21076,1.04,17.94844,0.7040701
17717,1.011172,25.21076,1.02,17.94844,0.7040701
17766,0.9805867,24.96598,0.96,18.9024,0.7721154
17767,1.022444,32.79146,0.84,26.44637,0.7887978
17768,1.028832,31.68245,1.0,25.84456,0.7928771
17769,1.022444,32.79146,0.94,26.44637,0.7887978
17770,1.021801,31.47923,0.88,25.47234,0.7919151
17771,1.027392,31.042559999999998,1.02,25.31867,0.7938662
17772,1.016154,25.18566,1.04,19.98211,0.7807797
17869,1.022387,29.00568,0.69,20.50515,0.691456
17870,1.022387,29.00568,0.82,20.50515,0.691456
17871,1.022387,29.00568,0.88,20.50515,0.691456
17872,1.022387,29.00568,0.96,20.50515,0.691456
17873,1.022387,29.00568,0.98,20.50515,0.691456
17874,1.022387,29.00568,0.97,20.50515,0.691456
17875,1.022387,29.00568,1.08,20.50515,0.691456
17885,1.022387,29.00568,1.099,20.50515,0.691456
17886,1.022387,29.00568,0.94,20.50515,0.691456
17887,1.022387,29.00568,1.02,20.50515,0.691456
17888,1.022387,29.00568,1.04,20.50515,0.691456
17889,1.022387,29.00568,1.06,20.50515,0.691456
17890,1.022387,29.00568,1.08,20.50515,0.691456
18010,0.9284115,15.246279999999999,1.05,10.81777,0.7642463
18011,0.9598721,20.03467,1.01,14.53282,0.7557082
18012,0.9797408,26.78107,1.09,19.54848,0.7450302
18013,1.022387,29.00568,1.1,20.50515,0.691456
18064,0.983199,23.6822,0.74,17.52851,0.7528033
18065,1.037406,35.41542,0.82,28.73205,0.7820335
18066,1.0113,28.00493,1.0,21.88459,0.7727235
18067,1.0113,28.00493,0.98,21.88459,0.7727235
18068,1.0113,28.00493,1.02,21.88459,0.7727235
18069,1.0113,28.00493,0.98,21.88459,0.7727235
18070,1.0113,28.00493,0.98,21.88459,0.7727235
18113,1.023319,33.12357,0.924,22.95186,0.6771264
18131,1.02199,28.621589999999998,1.11,20.28508,0.6934836
18133,0.9848352,20.84531,0.89,14.78747,0.720314
18134,0.9999385,27.72651,0.91,19.14425,0.6905099
18135,1.009046,29.46186,0.91,20.52538,0.6904309
18136,1.010988,27.13156,0.89,19.12466,0.6972253
18137,1.022504,32.99923,0.81,22.90987,0.6789747
18164,1.006625,30.99111,0.89,23.85246,0.7645896
18165,1.006625,30.99111,0.92,23.85246,0.7645896
18166,1.006625,30.99111,0.89,23.85246,0.7645896
18171,1.013999,32.57761,1.0,25.12539,0.7605991
18172,1.013999,32.57761,1.0,25.12539,0.7605991
18173,1.013999,32.57761,1.04,25.12539,0.7605991
18174,1.013999,32.57761,1.0,25.12539,0.7605991
18175,1.009991,23.09525,0.825,16.6443,0.7135518
18176,1.009991,23.09525,0.892,16.6443,0.7135518
18177,1.009991,23.09525,0.895,16.6443,0.7135518
18178,1.009991,23.09525,0.92,16.6443,0.7135518
18179,1.009991,23.09525,0.952,16.6443,0.7135518
18191,1.026284,33.224650000000004,0.97,25.75806,0.755414
18192,1.00529,28.540460000000003,0.95,21.5598,0.7514367
18233,1.021488,28.141820000000003,1.02,20.01644,0.6963078
18234,1.021488,28.141820000000003,1.03,20.01644,0.6963078
18235,1.021488,28.141820000000003,0.99,20.01644,0.6963078
18358,0.9747923,23.5416,0.64,17.75766,0.7738162
18360,1.022387,29.00568,0.925,20.50515,0.691456
18361,1.022387,29.00568,0.69,20.50515,0.691456
18362,1.022387,29.00568,0.7,20.50515,0.691456
18363,1.022387,29.00568,0.75,20.50515,0.691456
18364,1.022387,29.00568,0.82,20.50515,0.691456
18365,1.022387,29.00568,0.83,20.50515,0.691456
18366,1.022387,29.00568,0.82,20.50515,0.691456
18367,1.022387,29.00568,0.81,20.50515,0.691456
18368,1.022387,29.00568,0.8370000000000001,20.50515,0.691456
18369,1.022387,29.00568,0.919,20.50515,0.691456
18425,1.011445,27.36333,0.841,21.43674,0.7745466
18456,1.02199,28.621589999999998,0.71,20.28508,0.6934836
18457,1.02199,28.621589999999998,0.97,20.28508,0.6934836
18458,1.02199,28.621589999999998,0.72,20.28508,0.6934836
18459,1.02199,28.621589999999998,0.89,20.28508,0.6934836
18547,1.0017,27.723419999999997,1.0,21.42116,0.7713626
18548,1.0017,27.723419999999997,1.05,21.42116,0.7713626
18591,1.022215,28.838350000000002,0.99,20.40725,0.6922641
18592,1.022215,28.838350000000002,1.02,20.40725,0.6922641
18593,1.022215,28.838350000000002,1.03,20.40725,0.6922641
18855,1.013405,26.98732,1.06,20.62722,0.7542199
18897,1.0218,28.438209999999998,0.855,20.18331,0.6945831
18972,1.0256,31.74255,0.98,25.77408,0.7917048
18973,1.0256,31.74255,0.985,25.77408,0.7917048
18974,1.0256,31.74255,0.994,25.77408,0.7917048
18975,1.0256,31.74255,0.99,25.77408,0.7917048
19092,1.022387,29.00568,1.0,20.50515,0.691456
19093,1.022387,29.00568,1.085,20.50515,0.691456
19094,1.022387,29.00568,1.064,20.50515,0.691456
19198,1.011009,25.07789,1.0,17.86855,0.7047632
19200,1.011009,25.07789,1.0,17.86855,0.7047632
19202,1.026225,32.446039999999996,1.03,26.32153,0.7905088
19244,1.022215,28.838350000000002,1.061,20.40725,0.6922641
19291,1.010764,23.66972,1.09,16.99361,0.7103011
19342,0.9769396,24.92611,0.97,18.75318,0.77011
19344,0.9769396,24.92611,1.09,18.75318,0.77011
19345,0.9769396,24.92611,1.11,18.75318,0.77011
19346,1.001526,27.56055,0.98,21.3034,0.7717889
19348,1.001526,27.56055,1.07,21.3034,0.7717889
19349,1.001526,27.56055,1.09,21.3034,0.7717889
19455,1.021794,28.4158,1.07,23.14952,0.7972943
19456,1.021794,28.4158,1.08,23.14952,0.7972943
19467,1.022215,28.838350000000002,1.06,20.40725,0.6922641
19468,1.022215,28.838350000000002,1.1,20.40725,0.6922641
19469,1.022215,28.838350000000002,1.12,20.40725,0.6922641
19470,1.022215,28.838350000000002,1.1,20.40725,0.6922641
19498,1.022215,28.838350000000002,1.04,20.40725,0.6922641
19499,1.022215,28.838350000000002,1.04,20.40725,0.6922641
19551,1.022215,28.838350000000002,1.022,20.40725,0.6922641
19552,1.022215,28.838350000000002,1.03,20.40725,0.6922641
19592,1.029851,33.74736,0.92,27.41813,0.7889033
19593,1.029851,33.74736,0.94,27.41813,0.7889033
19594,1.029851,33.74736,1.01,27.41813,0.7889033
19595,1.029851,33.74736,1.04,27.41813,0.7889033
19596,1.029851,33.74736,1.01,27.41813,0.7889033
19597,1.029851,33.74736,1.0,27.41813,0.7889033
19598,1.029851,33.74736,1.0,27.41813,0.7889033
19615,1.02199,28.621589999999998,1.03,20.28508,0.6934836
19616,1.02199,28.621589999999998,1.03,20.28508,0.6934836
19617,1.02199,28.621589999999998,1.03,20.28508,0.6934836
19820,1.022215,28.838350000000002,1.03,20.40725,0.6922641
19827,0.9805867,24.96598,0.65,18.9024,0.7721154
19828,0.9805867,24.96598,0.96,18.9024,0.7721154
19829,0.9805867,24.96598,0.94,18.9024,0.7721154
19830,0.9805867,24.96598,0.72,18.9024,0.7721154
19831,0.9805867,24.96598,0.96,18.9024,0.7721154
19832,0.9805867,24.96598,0.86,18.9024,0.7721154
19833,1.022444,32.79146,0.84,26.44637,0.7887978
19834,1.022444,32.79146,0.89,26.44637,0.7887978
19835,1.028832,31.68245,1.0,25.84456,0.7928771
19836,1.028832,31.68245,0.99,25.84456,0.7928771
19837,1.028832,31.68245,0.9,25.84456,0.7928771
19838,1.022444,32.79146,0.94,26.44637,0.7887978
19839,1.022444,32.79146,0.89,26.44637,0.7887978
19840,1.021801,31.47923,0.88,25.47234,0.7919151
19841,1.021801,31.47923,0.86,25.47234,0.7919151
19842,1.027392,31.042559999999998,1.02,25.31867,0.7938662
19843,1.027392,31.042559999999998,1.0,25.31867,0.7938662
19844,1.027392,31.042559999999998,0.96,25.31867,0.7938662
19858,1.02199,28.621589999999998,0.985,20.28508,0.6934836
19861,1.02199,28.621589999999998,0.885,20.28508,0.6934836
19890,1.008883,25.89771,1.044,20.33669,0.7783557
19913,1.013933,29.02611,0.55,22.66524,0.7701263
19914,1.024602,30.3003,0.75,24.69713,0.7955075
19915,1.024662,30.99973,0.64,25.19511,0.7931905
19916,1.024602,30.3003,0.92,24.69713,0.7955075
19917,1.024602,30.3003,0.97,24.69713,0.7955075
19918,1.024602,30.3003,0.82,24.69713,0.7955075
19919,1.024602,30.3003,0.83,24.69713,0.7955075
19920,1.024602,30.3003,0.97,24.69713,0.7955075
19921,1.024602,30.3003,0.985,24.69713,0.7955075
19928,1.022215,28.838350000000002,0.95,20.40725,0.6922641
19929,1.022215,28.838350000000002,1.0,20.40725,0.6922641
20126,1.018868,29.98994,0.974,24.27444,0.7944299
20127,1.00106,27.13366,1.001,20.99084,0.7727897
20128,1.00106,27.13366,1.024,20.99084,0.7727897
20129,1.00106,27.13366,1.011,20.99084,0.7727897
20130,1.00106,27.13366,1.019,20.99084,0.7727897
20131,1.00106,27.13366,1.02,20.99084,0.7727897
20132,1.018868,29.98994,0.969,24.27444,0.7944299
20133,1.00106,27.13366,1.0,20.99084,0.7727897
20134,1.00106,27.13366,1.013,20.99084,0.7727897
20135,1.00106,27.13366,0.998,20.99084,0.7727897
20136,1.00106,27.13366,1.0,20.99084,0.7727897
20137,1.00106,27.13366,0.997,20.99084,0.7727897
20347,1.029543,31.539550000000002,1.06,25.70675,0.7916753
20348,1.029543,31.539550000000002,1.06,25.70675,0.7916753
20371,1.021488,28.141820000000003,0.94,20.01644,0.6963078
20448,1.022215,28.838350000000002,1.02,20.40725,0.6922641
20449,1.022215,28.838350000000002,1.06,20.40725,0.6922641
20456,1.011009,25.07789,1.074,17.86855,0.7047632
20457,1.011009,25.07789,1.088,17.86855,0.7047632
20458,1.011009,25.07789,1.088,17.86855,0.7047632
20459,1.011009,25.07789,1.092,17.86855,0.7047632
20460,1.011009,25.07789,1.098,17.86855,0.7047632
20461,1.011009,25.07789,1.06,17.86855,0.7047632
20462,1.011009,25.07789,1.056,17.86855,0.7047632
20463,1.011009,25.07789,1.039,17.86855,0.7047632
20464,1.011009,25.07789,1.074,17.86855,0.7047632
20465,1.011009,25.07789,1.088,17.86855,0.7047632
20466,1.011009,25.07789,1.088,17.86855,0.7047632
20467,1.011009,25.07789,1.092,17.86855,0.7047632
20468,1.011009,25.07789,1.098,17.86855,0.7047632
20469,1.011009,25.07789,1.06,17.86855,0.7047632
20470,1.011009,25.07789,1.056,17.86855,0.7047632
20471,1.011009,25.07789,1.039,17.86855,0.7047632
20472,1.011009,25.07789,1.072,17.86855,0.7047632
20473,1.011009,25.07789,1.074,17.86855,0.7047632
20474,1.011009,25.07789,1.079,17.86855,0.7047632
20475,1.011009,25.07789,1.078,17.86855,0.7047632
20476,1.011009,25.07789,1.073,17.86855,0.7047632
20477,1.011009,25.07789,1.075,17.86855,0.7047632
20478,1.011009,25.07789,1.078,17.86855,0.7047632
20479,1.011009,25.07789,1.074,17.86855,0.7047632
20480,1.011009,25.07789,1.079,17.86855,0.7047632
20481,1.011009,25.07789,1.078,17.86855,0.7047632
20482,1.011009,25.07789,1.074,17.86855,0.7047632
20483,1.011009,25.07789,1.072,17.86855,0.7047632
20484,1.011009,25.07789,1.077,17.86855,0.7047632
20485,1.011009,25.07789,1.078,17.86855,0.7047632
20506,1.021717,28.360719999999997,1.03,20.1389,0.6950052
20507,1.021717,28.360719999999997,0.95,20.1389,0.6950052
20508,1.021717,28.360719999999997,1.02,20.1389,0.6950052
20509,1.021717,28.360719999999997,1.03,20.1389,0.6950052
20510,1.021717,28.360719999999997,1.05,20.1389,0.6950052
20511,1.021717,28.360719999999997,1.03,20.1389,0.6950052
20512,1.021717,28.360719999999997,1.06,20.1389,0.6950052
20513,1.021717,28.360719999999997,1.03,20.1389,0.6950052
20514,1.021717,28.360719999999997,1.04,20.1389,0.6950052
20515,1.021717,28.360719999999997,1.04,20.1389,0.6950052
20516,1.021717,28.360719999999997,1.04,20.1389,0.6950052
20726,1.022387,29.00568,1.105,20.50515,0.691456
20727,1.022387,29.00568,1.105,20.50515,0.691456
20728,1.022387,29.00568,1.105,20.50515,0.691456
20729,1.022387,29.00568,1.105,20.50515,0.691456
20730,1.022387,29.00568,1.105,20.50515,0.691456
20787,1.022387,29.00568,0.95,20.50515,0.691456
20797,1.105873,33.41313,0.92,27.15617,0.7349305
20828,1.0214,28.06212,0.95,19.97,0.6967252
20829,1.0214,28.06212,0.924,19.97,0.6967252
20830,1.0214,28.06212,0.913,19.97,0.6967252
20831,1.0214,28.06212,0.71,19.97,0.6967252
20850,1.026305,32.53803,0.973,26.39254,0.790339
20870,1.021819,28.458890000000004,1.093,20.19359,0.6944188
20871,1.021819,28.458890000000004,1.079,20.19359,0.6944188
20872,1.021819,28.458890000000004,1.093,20.19359,0.6944188
20873,1.021819,28.458890000000004,1.093,20.19359,0.6944188
20874,1.021819,28.458890000000004,1.092,20.19359,0.6944188
20889,1.022387,29.00568,0.965,20.50515,0.691456
20890,1.022387,29.00568,1.065,20.50515,0.691456
20891,1.022387,29.00568,1.03,20.50515,0.691456
20910,1.021373,28.783179999999998,1.0,22.6657,0.7709852
20911,1.021373,28.783179999999998,0.97,22.6657,0.7709852
20935,1.030304,27.664890000000003,1.03,20.1695,0.7076211
21026,1.021333,25.52213,0.884,18.39406,0.7056567
21027,1.022215,28.838350000000002,0.914,20.40725,0.6922641
21028,1.022215,28.838350000000002,0.994,20.40725,0.6922641
21029,1.022215,28.838350000000002,1.01,20.40725,0.6922641
21060,1.022387,29.00568,1.04,20.50515,0.691456
21147,1.022534,29.14615,0.89,20.58835,0.6908162
21157,1.021488,28.141820000000003,1.05,20.01644,0.6963078
21158,1.021488,28.141820000000003,0.83,20.01644,0.6963078
21166,1.022387,29.00568,1.08,20.50515,0.691456
21167,1.011301,28.186619999999998,1.1,19.7462,0.6927238
21168,1.011301,28.186619999999998,1.08,19.7462,0.6927238
21190,1.022534,29.14615,0.94,20.58835,0.6908162
21191,1.022534,29.14615,1.02,20.58835,0.6908162
21192,1.022387,29.00568,0.88,20.50515,0.691456
21193,1.022387,29.00568,0.89,20.50515,0.691456
21214,1.022387,29.00568,1.01,20.50515,0.691456
21316,1.021488,28.141820000000003,1.084,20.01644,0.6963078
21319,1.021488,28.141820000000003,1.101,20.01644,0.6963078
21320,1.021488,28.141820000000003,1.098,20.01644,0.6963078
21321,1.021488,28.141820000000003,1.094,20.01644,0.6963078
21322,1.021488,28.141820000000003,1.098,20.01644,0.6963078
21344,1.008157,25.32647,1.1,19.99476,0.7830932
21345,1.008157,25.32647,1.04,19.99476,0.7830932
21346,1.008157,25.32647,1.04,19.99476,0.7830932
21347,1.008157,25.32647,1.1,19.99476,0.7830932
21348,1.008157,25.32647,1.08,19.99476,0.7830932
21349,1.008157,25.32647,1.05,19.99476,0.7830932
21350,1.008157,25.32647,1.02,19.99476,0.7830932
21351,1.008157,25.32647,1.09,19.99476,0.7830932
21388,1.006103,30.88028,0.82,23.75562,0.7646148
21389,1.006103,30.88028,0.92,23.75562,0.7646148
21396,1.011093,28.96664,0.79,20.20937,0.6900231
21397,1.017395,28.32081,0.8,20.28918,0.7041566
21398,1.020945,23.78186,0.87,17.28506,0.7119057
21399,1.03068,25.386400000000002,0.82,18.53525,0.7083918
21400,1.020945,23.78186,0.81,17.28506,0.7119057
21401,1.020945,23.78186,0.7,17.28506,0.7119057
21521,1.011401,29.94652,0.96,20.76657,0.6856383
21524,1.010615,27.02869,0.97,19.06889,0.6980955
21525,1.01007,23.322110000000002,1.03,16.78743,0.7126314
21526,1.010975,24.18599,0.95,17.31027,0.7079449
21541,1.024111,30.50213,1.06,25.00854,0.8005914
21542,1.024111,30.50213,1.08,25.00854,0.8005914
21543,1.024111,30.50213,1.08,25.00854,0.8005914
21544,1.024111,30.50213,1.06,25.00854,0.8005914
21545,1.024111,30.50213,1.09,25.00854,0.8005914
21546,1.024111,30.50213,1.05,25.00854,0.8005914
21567,1.01314,30.27115,0.82,20.81875,0.6788227
21568,1.01314,30.27115,0.97,20.81875,0.6788227
21569,1.01314,30.27115,1.03,20.81875,0.6788227
21570,1.01314,30.27115,0.84,20.81875,0.6788227
21571,1.01314,30.27115,0.75,20.81875,0.6788227
21572,1.01314,30.27115,0.84,20.81875,0.6788227
21573,1.01314,30.27115,0.94,20.81875,0.6788227
21574,1.01314,30.27115,1.01,20.81875,0.6788227
21575,1.01314,30.27115,0.83,20.81875,0.6788227
21576,1.01314,30.27115,0.75,20.81875,0.6788227
21577,0.9978807,22.15638,0.97,15.84187,0.7165212
21578,0.9978807,22.15638,0.99,15.84187,0.7165212
21579,0.9978807,22.15638,1.04,15.84187,0.7165212
21580,0.9978807,22.15638,1.04,15.84187,0.7165212
21581,0.9978807,22.15638,0.92,15.84187,0.7165212
21582,0.9978807,22.15638,0.86,15.84187,0.7165212
21639,1.021488,28.141820000000003,0.7759999999999999,20.01644,0.6963078
21640,1.021488,28.141820000000003,0.816,20.01644,0.6963078
21641,1.021488,28.141820000000003,0.976,20.01644,0.6963078
21642,1.021488,28.141820000000003,0.996,20.01644,0.6963078
21643,1.021488,28.141820000000003,1.029,20.01644,0.6963078
21644,1.021488,28.141820000000003,1.032,20.01644,0.6963078
21645,1.021488,28.141820000000003,0.958,20.01644,0.6963078
21646,1.021488,28.141820000000003,0.8320000000000001,20.01644,0.6963078
21647,1.021488,28.141820000000003,0.8109999999999999,20.01644,0.6963078
21724,1.022215,28.838350000000002,0.85,20.40725,0.6922641
21725,1.022215,28.838350000000002,0.87,20.40725,0.6922641
21726,1.022215,28.838350000000002,0.91,20.40725,0.6922641
21727,1.022215,28.838350000000002,0.79,20.40725,0.6922641
21728,1.022215,28.838350000000002,0.94,20.40725,0.6922641
21729,1.022215,28.838350000000002,1.01,20.40725,0.6922641
21730,1.022215,28.838350000000002,0.99,20.40725,0.6922641
21731,1.022215,28.838350000000002,1.01,20.40725,0.6922641
21732,1.022215,28.838350000000002,1.03,20.40725,0.6922641
21733,1.022215,28.838350000000002,1.03,20.40725,0.6922641
21734,1.022215,28.838350000000002,0.79,20.40725,0.6922641
21735,1.022215,28.838350000000002,0.81,20.40725,0.6922641
21736,1.022215,28.838350000000002,0.81,20.40725,0.6922641
21737,1.022215,28.838350000000002,0.94,20.40725,0.6922641
21738,1.022215,28.838350000000002,0.98,20.40725,0.6922641
21739,1.022215,28.838350000000002,0.99,20.40725,0.6922641
21740,1.022215,28.838350000000002,0.78,20.40725,0.6922641
21766,1.022215,28.838350000000002,0.979,20.40725,0.6922641
21779,1.02199,28.621589999999998,1.092,20.28508,0.6934836
21816,1.113053,30.45437,0.97,25.65232,0.7567653
22052,1.022387,29.00568,0.96,20.50515,0.691456
22053,1.022387,29.00568,1.04,20.50515,0.691456
22068,1.022215,28.838350000000002,1.05,20.40725,0.6922641
22069,1.022215,28.838350000000002,1.05,20.40725,0.6922641
22070,1.022215,28.838350000000002,1.08,20.40725,0.6922641
22071,1.022215,28.838350000000002,1.05,20.40725,0.6922641
22072,1.022215,28.838350000000002,1.05,20.40725,0.6922641
22073,1.022215,28.838350000000002,1.05,20.40725,0.6922641
22074,1.022215,28.838350000000002,1.08,20.40725,0.6922641
22075,1.022215,28.838350000000002,1.08,20.40725,0.6922641
22076,1.015028,29.83966,1.08,23.26008,0.7679609
22077,1.015028,29.83966,1.09,23.26008,0.7679609
22078,1.015028,29.83966,1.09,23.26008,0.7679609
22079,1.015028,29.83966,1.09,23.26008,0.7679609
22080,1.015028,29.83966,1.11,23.26008,0.7679609
22081,1.015028,29.83966,1.07,23.26008,0.7679609
22082,1.015028,29.83966,1.08,23.26008,0.7679609
22083,1.015028,29.83966,1.09,23.26008,0.7679609
22084,1.015028,29.83966,1.1,23.26008,0.7679609
22085,1.015028,29.83966,1.07,23.26008,0.7679609
22110,1.022387,29.00568,0.929,20.50515,0.691456
22111,1.022387,29.00568,0.913,20.50515,0.691456
22112,1.022387,29.00568,0.925,20.50515,0.691456
22113,1.022387,29.00568,0.91,20.50515,0.691456
22114,1.022387,29.00568,0.903,20.50515,0.691456
22115,1.022387,29.00568,0.89,20.50515,0.691456
22116,1.022387,29.00568,0.997,20.50515,0.691456
22117,1.022387,29.00568,0.925,20.50515,0.691456
22118,1.022387,29.00568,0.923,20.50515,0.691456
22119,1.022387,29.00568,0.923,20.50515,0.691456
22120,1.022387,29.00568,0.997,20.50515,0.691456
22121,1.022387,29.00568,0.999,20.50515,0.691456
22122,1.022387,29.00568,0.78,20.50515,0.691456
22181,1.022215,28.838350000000002,0.949,20.40725,0.6922641
22182,1.022215,28.838350000000002,1.014,20.40725,0.6922641
22183,1.022215,28.838350000000002,1.004,20.40725,0.6922641
22184,1.022215,28.838350000000002,0.989,20.40725,0.6922641
22185,1.022215,28.838350000000002,0.994,20.40725,0.6922641
22186,1.022215,28.838350000000002,0.989,20.40725,0.6922641
22187,1.022215,28.838350000000002,0.96,20.40725,0.6922641
22188,1.022215,28.838350000000002,1.0,20.40725,0.6922641
22189,1.022215,28.838350000000002,1.0,20.40725,0.6922641
22192,1.022214,32.08686,1.0,22.45787,0.6846986
22193,1.022214,32.08686,0.97,22.45787,0.6846986
22331,1.018202,29.46651,0.993,23.8564,0.7951374
22332,1.018202,29.46651,0.993,23.8564,0.7951374
22333,1.018202,29.46651,0.993,23.8564,0.7951374
22418,1.022387,29.00568,0.96,20.50515,0.691456
22487,1.011437,27.35846,1.05,21.43249,0.7745372
22488,1.011437,27.35846,1.01,21.43249,0.7745372
22489,1.011437,27.35846,1.09,21.43249,0.7745372
22490,1.011437,27.35846,1.09,21.43249,0.7745372
22491,1.011437,27.35846,1.02,21.43249,0.7745372
22502,1.022215,28.838350000000002,0.9,20.40725,0.6922641
22503,1.022215,28.838350000000002,1.06,20.40725,0.6922641
22504,1.022215,28.838350000000002,,20.40725,0.6922641
22505,1.022215,28.838350000000002,1.09,20.40725,0.6922641
22506,1.022215,28.838350000000002,,20.40725,0.6922641
22633,1.02199,28.621589999999998,1.108,20.28508,0.6934836
22634,1.02199,28.621589999999998,1.114,20.28508,0.6934836
22635,1.02199,28.621589999999998,1.096,20.28508,0.6934836
22636,1.02199,28.621589999999998,1.084,20.28508,0.6934836
22667,1.022215,28.838350000000002,1.06,20.40725,0.6922641
22679,1.014076,27.57784,0.95,21.03568,0.7521866
22680,1.014076,27.57784,1.02,21.03568,0.7521866
22681,1.014076,27.57784,1.05,21.03568,0.7521866
22774,1.023536,30.039640000000002,1.0,24.43326,0.7946639
22775,1.023536,30.039640000000002,,24.43326,0.7946639
23024,1.023159,29.627910000000004,0.7,24.1101,0.7953436
23025,1.023159,29.627910000000004,0.81,24.1101,0.7953436
23026,1.023159,29.627910000000004,0.83,24.1101,0.7953436
23027,1.023159,29.627910000000004,0.89,24.1101,0.7953436
23058,1.022387,29.00568,1.05,20.50515,0.691456
23103,1.000895,26.98723,1.06,20.88106,0.7730471
23104,1.000895,26.98723,1.06,20.88106,0.7730471
23105,1.000895,26.98723,1.06,20.88106,0.7730471
23106,1.000895,26.98723,1.06,20.88106,0.7730471
23107,1.000895,26.98723,1.02,20.88106,0.7730471
23108,1.000895,26.98723,1.02,20.88106,0.7730471
23109,1.000895,26.98723,1.02,20.88106,0.7730471
23110,1.000895,26.98723,1.02,20.88106,0.7730471
23301,1.010435,24.61377,0.916,17.58688,0.7071348
23302,1.010435,24.61377,1.11,17.58688,0.7071348
23303,1.010435,24.61377,0.996,17.58688,0.7071348
23304,1.010435,24.61377,0.773,17.58688,0.7071348
23305,1.010435,24.61377,0.7490000000000001,17.58688,0.7071348
23306,1.010435,24.61377,1.05,17.58688,0.7071348
23307,1.006752,31.11623,0.872,23.94323,0.7643164
23338,1.022215,28.838350000000002,0.97,20.40725,0.6922641
23340,0.985377,21.134,0.732,14.9681,0.7187578
23341,0.985377,21.134,0.797,14.9681,0.7187578
23342,0.985377,21.134,0.7909999999999999,14.9681,0.7187578
23343,0.985377,21.134,0.745,14.9681,0.7187578
23344,0.985377,21.134,0.436,14.9681,0.7187578
23345,0.9990028,26.4963,,18.43542,0.6964676
23346,0.9990028,26.4963,,18.43542,0.6964676
23347,0.9990028,26.4963,,18.43542,0.6964676
23348,0.9990028,26.4963,,18.43542,0.6964676
23349,0.9990028,26.4963,,18.43542,0.6964676
23350,1.113208,8.608372,,7.499589,0.7826004
23351,1.113208,8.608372,,7.499589,0.7826004
23352,1.113208,8.608372,,7.499589,0.7826004
23353,1.113208,8.608372,,7.499589,0.7826004
23354,1.113208,8.608372,,7.499589,0.7826004
23355,0.985377,21.134,0.58,14.9681,0.7187578
23356,0.985377,21.134,0.86,14.9681,0.7187578
23357,0.985377,21.134,0.8,14.9681,0.7187578
23358,0.985377,21.134,0.82,14.9681,0.7187578
23359,0.985377,21.134,0.7,14.9681,0.7187578
23525,1.008157,25.32647,1.02,19.99476,0.7830932
23526,1.008157,25.32647,0.8809999999999999,19.99476,0.7830932
23645,1.022215,28.838350000000002,1.03,20.40725,0.6922641
23646,0.9995052,29.80202,0.7,22.78973,0.7650825
23647,0.9995052,29.80202,0.71,22.78973,0.7650825
23648,0.9995052,29.80202,0.76,22.78973,0.7650825
23679,1.014643,26.74188,0.96,21.09889,0.7775966
23680,1.022508,26.682170000000003,1.02,18.43705,0.6757772
23681,1.035415,28.995870000000004,1.0,16.64696,0.5544777
23682,1.034239,23.141489999999997,1.0,12.4521,0.520272
23684,1.029197,32.52809,1.0,18.41133,0.549956
23685,1.029197,32.52809,0.91,18.41133,0.549956
23712,1.000203,26.426889999999997,0.92,20.59497,0.7791606
23844,1.022387,29.00568,,20.50515,0.691456
23845,1.022387,29.00568,,20.50515,0.691456
24010,1.003871,26.061880000000002,1.11,18.0259,0.6889906
24011,1.019048,32.08708,1.1,23.19132,0.7092519
24012,1.019048,32.08708,1.1,23.19132,0.7092519
24013,1.019048,32.08708,1.08,23.19132,0.7092519
24014,1.019048,32.08708,1.05,23.19132,0.7092519
24126,1.022387,29.00568,0.95,20.50515,0.691456
24127,1.022387,29.00568,1.0,20.50515,0.691456
24128,1.022387,29.00568,1.016,20.50515,0.691456
24129,1.022387,29.00568,1.02,20.50515,0.691456
24130,1.022387,29.00568,1.02,20.50515,0.691456
24209,1.031764,33.61387,1.108,27.41232,0.7904001
24285,1.02906,31.02617,0.97,25.30751,0.7926483
24286,1.02906,31.02617,1.01,25.30751,0.7926483
24287,1.02906,31.02617,1.0,25.30751,0.7926483
24368,1.014205,22.022579999999998,0.98,14.24511,0.6377816
24369,1.01156,29.23901,0.99,20.35724,0.688279
24370,1.01156,29.23901,1.08,20.35724,0.688279
24371,1.01156,29.23901,1.08,20.35724,0.688279
24372,1.01156,29.23901,1.11,20.35724,0.688279
24388,1.02199,28.621589999999998,0.8,20.28508,0.6934836
24389,1.021128,28.60161,0.87,22.43899,0.7683034
24390,1.021128,28.60161,0.89,22.43899,0.7683034
24391,1.043469,34.07561,0.8,17.24803,0.4850834
24465,1.022632,29.054450000000003,1.077,23.66235,0.7963905
24508,1.02199,28.621589999999998,,20.28508,0.6934836
24507,1.02199,28.621589999999998,,20.28508,0.6934836
24509,1.02199,28.621589999999998,,20.28508,0.6934836
24582,1.022387,29.00568,1.08,20.50515,0.691456
24588,1.022387,29.00568,1.08,20.50515,0.691456
24704,1.022387,29.00568,1.04,20.50515,0.691456
24705,1.022387,29.00568,1.05,20.50515,0.691456
24706,1.022387,29.00568,1.07,20.50515,0.691456
24707,1.022387,29.00568,1.06,20.50515,0.691456
24708,1.022387,29.00568,1.03,20.50515,0.691456
24709,1.022387,29.00568,1.07,20.50515,0.691456
24710,1.022387,29.00568,1.08,20.50515,0.691456
24711,1.022387,29.00568,1.05,20.50515,0.691456
24712,1.022387,29.00568,1.04,20.50515,0.691456
24713,1.022387,29.00568,1.05,20.50515,0.691456
24714,1.022387,29.00568,1.05,20.50515,0.691456
24715,1.022387,29.00568,1.06,20.50515,0.691456
24716,1.022387,29.00568,1.07,20.50515,0.691456
24717,1.022387,29.00568,1.08,20.50515,0.691456
24969,1.022215,28.838350000000002,1.06,20.40725,0.6922641
24986,1.021869,33.054590000000005,1.02,23.02245,0.6815923
24987,1.021869,33.054590000000005,,23.02245,0.6815923
24988,1.021869,33.054590000000005,1.02,23.02245,0.6815923
24989,1.021869,33.054590000000005,,23.02245,0.6815923
24990,1.021869,33.054590000000005,0.96,23.02245,0.6815923
24991,1.021869,33.054590000000005,,23.02245,0.6815923
25161,1.022387,29.00568,0.9,20.50515,0.691456
25162,1.022387,29.00568,0.9,20.50515,0.691456
25230,1.008514,25.56311,0.88,20.08283,0.7789858
25232,1.008514,25.56311,0.86,20.08283,0.7789858
25234,1.008514,25.56311,0.79,20.08283,0.7789858
25291,1.022215,28.838350000000002,0.941,20.40725,0.6922641
25293,1.022215,28.838350000000002,,20.40725,0.6922641
25300,1.022215,28.838350000000002,1.05,20.40725,0.6922641
25301,1.022215,28.838350000000002,1.02,20.40725,0.6922641
25340,1.020597,31.561500000000002,1.06,22.06944,0.6851403
25341,1.023342,31.73775,1.07,22.09162,0.6801907
25342,1.020937,26.145049999999998,1.08,18.83171,0.7055073
25343,1.032728,34.10512,1.07,24.03622,0.6824339
25344,1.020597,31.561500000000002,1.06,22.06944,0.6851403
25345,1.023342,31.73775,1.07,22.09162,0.6801907
25346,1.020937,26.145049999999998,1.07,18.83171,0.7055073
25347,1.032728,34.10512,1.07,24.03622,0.6824339
25673,1.022387,29.00568,1.01,20.50515,0.691456
25674,1.022387,29.00568,0.98,20.50515,0.691456
25675,1.022387,29.00568,0.81,20.50515,0.691456
25842,1.021679,28.889819999999997,1.0,20.45747,0.6930944
25843,1.021679,28.889819999999997,0.98,20.45747,0.6930944
25844,1.021679,28.889819999999997,0.98,20.45747,0.6930944
25845,1.021679,28.889819999999997,0.98,20.45747,0.6930944
26196,1.022387,29.00568,0.856,20.50515,0.691456
26197,1.022387,29.00568,1.02,20.50515,0.691456
26269,1.003683,26.44607,1.12,20.61505,0.7766526
26523,1.022384,29.00265,1.09,20.5034,0.6914715
26524,1.022384,29.00265,1.051,20.5034,0.6914715
26633,1.008589,25.622539999999997,0.99,20.12844,0.7788856
26690,1.021717,28.360719999999997,0.97,20.1389,0.6950052
26691,1.021717,28.360719999999997,1.01,20.1389,0.6950052
26950,1.022215,28.838350000000002,0.96,20.40725,0.6922641
26951,1.022215,28.838350000000002,0.96,20.40725,0.6922641
26952,1.022215,28.838350000000002,1.03,20.40725,0.6922641
26953,1.022215,28.838350000000002,1.04,20.40725,0.6922641
26954,1.022215,28.838350000000002,0.98,20.40725,0.6922641
26955,1.022215,28.838350000000002,0.95,20.40725,0.6922641
26956,1.022215,28.838350000000002,1.03,20.40725,0.6922641
26957,1.022215,28.838350000000002,1.05,20.40725,0.6922641
27118,1.007954,30.3236,0.95,22.60202,0.7394787
27119,1.007954,30.3236,0.967,22.60202,0.7394787
27120,1.007954,30.3236,0.9,22.60202,0.7394787
27123,1.007954,30.3236,0.972,22.60202,0.7394787
27124,1.007954,30.3236,0.757,22.60202,0.7394787
27125,1.007954,30.3236,0.82,22.60202,0.7394787
27126,1.007954,30.3236,0.852,22.60202,0.7394787
27416,0.9694625,23.287020000000002,1.02,17.395,0.770512
27419,0.9694625,23.287020000000002,1.03,17.395,0.770512
27452,1.010435,24.61377,1.06,17.58688,0.7071348
27464,1.022534,29.14615,1.04,20.58835,0.6908162
27595,1.029192,33.13248,0.892,27.06488,0.7936989
27596,1.029192,33.13248,1.01,27.06488,0.7936989
27597,1.029192,33.13248,1.03,27.06488,0.7936989
27603,1.0256,31.74255,1.05,25.77408,0.7917048
27634,1.022387,29.00568,0.92,20.50515,0.691456
27743,1.008364,32.245940000000004,1.02,24.76977,0.7617803
27744,1.008364,32.245940000000004,,24.76977,0.7617803
27745,1.008364,32.245940000000004,,24.76977,0.7617803
27746,1.008364,32.245940000000004,,24.76977,0.7617803
27747,1.008364,32.245940000000004,,24.76977,0.7617803
27748,1.008364,32.245940000000004,,24.76977,0.7617803
27749,1.008364,32.245940000000004,,24.76977,0.7617803
27851,1.022387,29.00568,1.08,20.50515,0.691456
27852,1.030955,34.84645,1.03,28.17083,0.7841543
27853,1.030955,34.84645,0.893,28.17083,0.7841543
27854,1.030955,34.84645,0.986,28.17083,0.7841543
27855,1.030955,34.84645,0.997,28.17083,0.7841543
27856,1.030955,34.84645,0.638,28.17083,0.7841543
27857,1.030955,34.84645,1.0,28.17083,0.7841543
27858,1.030955,34.84645,1.085,28.17083,0.7841543
27859,1.030955,34.84645,1.006,28.17083,0.7841543
27972,1.021819,28.458890000000004,0.91,20.19359,0.6944188
27973,1.021819,28.458890000000004,0.86,20.19359,0.6944188
27974,1.021819,28.458890000000004,0.82,20.19359,0.6944188
27975,1.021819,28.458890000000004,0.77,20.19359,0.6944188
27976,1.021819,28.458890000000004,0.87,20.19359,0.6944188
28007,1.018537,32.47371,0.93,25.16805,0.7609233
28012,1.018537,32.47371,0.94,25.16805,0.7609233
28016,1.018537,32.47371,0.95,25.16805,0.7609233
28169,1.01111,29.667579999999997,1.04,20.61236,0.6871435
28170,0.9866496,23.13562,1.04,16.18675,0.7091132
28172,0.9835799,18.91105,1.02,13.5765,0.7298982
28252,1.022465,27.04833,1.08,22.0638,0.797795
28253,1.022465,27.04833,1.13,22.0638,0.797795
28255,1.022465,27.04833,1.06,22.0638,0.797795
28256,1.022465,27.04833,1.12,22.0638,0.797795
28258,1.022465,27.04833,1.1,22.0638,0.797795
28259,1.022465,27.04833,1.113,22.0638,0.797795
28260,1.022465,27.04833,1.125,22.0638,0.797795
28261,1.022465,27.04833,1.142,22.0638,0.797795
28262,1.022465,27.04833,1.125,22.0638,0.797795
28263,1.022465,27.04833,1.125,22.0638,0.797795
28264,1.022465,27.04833,1.125,22.0638,0.797795
28265,1.022465,27.04833,1.125,22.0638,0.797795
28266,1.022465,27.04833,1.138,22.0638,0.797795
28267,1.022465,27.04833,1.11,22.0638,0.797795
28324,0.9955667,27.70541,1.07,21.2127,0.7690615
28328,0.9955667,27.70541,1.07,21.2127,0.7690615
28330,0.9955667,27.70541,,21.2127,0.7690615
28366,1.012198,29.66502,0.96,22.4075,0.7462481
28367,1.012198,29.66502,0.98,22.4075,0.7462481
28368,1.012198,29.66502,1.0,22.4075,0.7462481
28369,1.012198,29.66502,1.017,22.4075,0.7462481
28370,1.012198,29.66502,0.96,22.4075,0.7462481
28371,1.012198,29.66502,1.02,22.4075,0.7462481
28372,1.012198,29.66502,,22.4075,0.7462481
28403,1.026089,25.38789,0.3,21.24318,0.8154696
28404,1.026089,25.38789,0.4,21.24318,0.8154696
28405,1.026089,25.38789,0.55,21.24318,0.8154696
28406,1.026089,25.38789,0.58,21.24318,0.8154696
28407,1.026089,25.38789,0.7,21.24318,0.8154696
28408,1.026089,25.38789,0.87,21.24318,0.8154696
28409,1.026089,25.38789,0.87,21.24318,0.8154696
28430,1.022387,29.00568,0.634,20.50515,0.691456
28431,1.022387,29.00568,0.9,20.50515,0.691456
28432,1.022387,29.00568,1.07,20.50515,0.691456
28464,1.022215,28.838350000000002,1.1,20.40725,0.6922641
28465,1.022215,28.838350000000002,1.14,20.40725,0.6922641
28466,1.022215,28.838350000000002,0.96,20.40725,0.6922641
28467,1.022215,28.838350000000002,0.9,20.40725,0.6922641
28480,1.022387,29.00568,1.05,20.50515,0.691456
28481,1.022387,29.00568,1.04,20.50515,0.691456
28482,1.022387,29.00568,1.06,20.50515,0.691456
28483,1.022387,29.00568,1.05,20.50515,0.691456
28484,1.022387,29.00568,1.05,20.50515,0.691456
28485,1.022387,29.00568,1.04,20.50515,0.691456
28486,1.022387,29.00568,1.06,20.50515,0.691456
28487,1.022387,29.00568,1.06,20.50515,0.691456
28488,1.022387,29.00568,1.05,20.50515,0.691456
28489,1.022387,29.00568,1.05,20.50515,0.691456
28490,1.022387,29.00568,1.03,20.50515,0.691456
28491,1.022387,29.00568,1.03,20.50515,0.691456
28580,1.022698,28.62047,1.0,20.19981,0.6901173
28619,1.021665,28.310340000000004,0.96,20.1113,0.6953228
28625,1.021665,28.310340000000004,,20.1113,0.6953228
28710,1.014687,29.519099999999998,0.98,23.02853,0.7688311
28804,1.021488,28.141820000000003,0.86,20.01644,0.6963078
28812,1.013405,26.98732,0.92,20.62722,0.7542199
28937,1.022387,29.00568,0.95,20.50515,0.691456
28943,1.022387,29.00568,0.99,20.50515,0.691456
29007,1.022215,28.838350000000002,0.99,20.40725,0.6922641
29058,1.022798,28.77421,0.81,21.04198,0.7149788
29091,0.9980396,28.29685,1.027,21.56292,0.7635223
29221,1.02604,31.78671,0.9,25.75456,0.7896677
29222,1.02604,31.78671,0.925,25.75456,0.7896677
29223,1.02604,31.78671,0.945,25.75456,0.7896677
29224,1.02604,31.78671,0.962,25.75456,0.7896677
29225,1.02604,31.78671,0.98,25.75456,0.7896677
29226,1.02604,31.78671,0.992,25.75456,0.7896677
29227,1.02604,31.78671,1.022,25.75456,0.7896677
29228,1.02604,31.78671,1.043,25.75456,0.7896677
29258,1.021972,24.11304,0.983,20.20526,0.8199235
29268,1.022387,29.00568,0.98,20.50515,0.691456
29269,1.022387,29.00568,1.02,20.50515,0.691456
29270,1.022387,29.00568,0.98,20.50515,0.691456
29271,1.022387,29.00568,1.01,20.50515,0.691456
29446,1.022387,29.00568,1.13,20.50515,0.691456
29447,1.022387,29.00568,1.03,20.50515,0.691456
29448,1.022387,29.00568,1.11,20.50515,0.691456
29449,1.022387,29.00568,1.01,20.50515,0.691456
29561,1.02653,28.866750000000003,0.981,23.72452,0.8006227
29562,1.02653,28.866750000000003,0.992,23.72452,0.8006227
29563,1.02653,28.866750000000003,1.004,23.72452,0.8006227
29564,1.02653,28.866750000000003,0.978,23.72452,0.8006227
29657,1.022387,29.00568,1.01,20.50515,0.691456
29870,1.021676,31.591520000000003,1.03,22.20996,0.68812
29871,1.021676,31.591520000000003,1.03,22.20996,0.68812
29872,1.021676,31.591520000000003,0.95,22.20996,0.68812
30202,1.023448,27.93349,1.17,22.90845,0.8013178
30203,1.023448,27.93349,1.082,22.90845,0.8013178
30368,1.022387,29.00568,0.813,20.50515,0.691456
30416,1.022387,29.00568,1.02,20.50515,0.691456
30417,1.022387,29.00568,1.107,20.50515,0.691456
30418,1.022387,29.00568,1.083,20.50515,0.691456
30419,1.022387,29.00568,1.107,20.50515,0.691456
30420,1.022387,29.00568,1.057,20.50515,0.691456
30456,1.022387,29.00568,1.112,20.50515,0.691456
30457,1.022387,29.00568,1.058,20.50515,0.691456
30725,1.022387,29.00568,1.01,20.50515,0.691456
31082,1.022076,28.1613,0.88,20.00146,0.6949056
31083,1.022076,28.1613,0.89,20.00146,0.6949056
31084,1.022076,28.1613,0.9,20.00146,0.6949056
31085,1.022076,28.1613,0.89,20.00146,0.6949056
31086,1.022076,28.1613,0.92,20.00146,0.6949056
31087,1.022076,28.1613,0.9,20.00146,0.6949056
31088,1.021488,28.141820000000003,0.97,20.01644,0.6963078
31089,1.034254,36.0833,0.95,25.07204,0.6718249
31090,1.03248,29.53737,0.94,21.15409,0.6936507
31185,1.008514,25.56311,1.09,20.08283,0.7789858
31186,1.008514,25.56311,1.1,20.08283,0.7789858
31187,1.008514,25.56311,1.09,20.08283,0.7789858
31188,1.008514,25.56311,1.08,20.08283,0.7789858
31189,1.008514,25.56311,,20.08283,0.7789858
31190,1.008514,25.56311,,20.08283,0.7789858
31191,1.008514,25.56311,,20.08283,0.7789858
31192,1.008514,25.56311,,20.08283,0.7789858
31193,1.008514,25.56311,,20.08283,0.7789858
31194,1.008514,25.56311,,20.08283,0.7789858
31195,1.008514,25.56311,,20.08283,0.7789858
31196,1.008514,25.56311,,20.08283,0.7789858
31197,1.008514,25.56311,,20.08283,0.7789858
31198,1.008514,25.56311,,20.08283,0.7789858
31323,1.012343,27.40414,0.88,21.48445,0.7744266
31324,1.012343,27.40414,0.9,21.48445,0.7744266
31325,1.011437,27.35846,0.84,21.43249,0.7745372
31351,1.001962,26.447160000000004,1.0,20.07614,0.7576177
31352,1.001962,26.447160000000004,1.0,20.07614,0.7576177
31355,1.001962,26.447160000000004,1.01,20.07614,0.7576177
31356,1.001962,26.447160000000004,1.0,20.07614,0.7576177
31357,1.001962,26.447160000000004,1.05,20.07614,0.7576177
31358,1.001962,26.447160000000004,1.04,20.07614,0.7576177
31361,1.001962,26.447160000000004,1.03,20.07614,0.7576177
31363,1.001962,26.447160000000004,1.0,20.07614,0.7576177
31364,1.001962,26.447160000000004,1.03,20.07614,0.7576177
31365,1.001962,26.447160000000004,,20.07614,0.7576177
31366,1.001962,26.447160000000004,,20.07614,0.7576177
31367,1.001962,26.447160000000004,,20.07614,0.7576177
31368,1.001962,26.447160000000004,,20.07614,0.7576177
31369,1.001962,26.447160000000004,,20.07614,0.7576177
31397,1.022387,29.00568,1.05,20.50515,0.691456
31407,1.022387,29.00568,0.86,20.50515,0.691456
31408,1.022387,29.00568,1.06,20.50515,0.691456
31425,1.032799,32.06976,1.02,22.80432,0.6885027
31426,1.032799,32.06976,0.99,22.80432,0.6885027
31635,1.008883,25.89771,0.84,20.33669,0.7783557
31652,1.017303,30.80581,1.04,24.58326,0.7844346
31653,1.017303,30.80581,1.0,24.58326,0.7844346
31654,1.017303,30.80581,1.06,24.58326,0.7844346
31655,1.017303,30.80581,1.04,24.58326,0.7844346
31676,1.012785,26.293239999999997,1.08,18.49981,0.6947137
31677,1.012785,26.293239999999997,1.07,18.49981,0.6947137
31678,1.012785,26.293239999999997,1.03,18.49981,0.6947137
31927,1.021338,25.52844,1.014,18.39718,0.7055982
32098,1.018537,32.47371,,25.16805,0.7609233
32151,1.021488,28.141820000000003,1.04,20.01644,0.6963078
32152,1.021488,28.141820000000003,1.06,20.01644,0.6963078
32154,1.022765,29.20046,0.98,23.77536,0.7960887
32156,1.022387,29.00568,0.93,20.50515,0.691456
32158,1.022387,29.00568,0.93,20.50515,0.691456
32165,1.022534,29.14615,0.9,20.58835,0.6908162
32262,1.022215,28.838350000000002,0.89,20.40725,0.6922641
32263,1.022215,28.838350000000002,0.96,20.40725,0.6922641
32940,1.032,33.77525,0.92,27.44622,0.7874159
32941,1.032,33.77525,1.0,27.44622,0.7874159
32945,1.032,33.77525,0.89,27.44622,0.7874159
32946,1.032,33.77525,0.89,27.44622,0.7874159
32947,1.032,33.77525,0.89,27.44622,0.7874159
32948,1.032,33.77525,0.97,27.44622,0.7874159
32949,1.032,33.77525,0.9,27.44622,0.7874159
32950,1.032,33.77525,0.86,27.44622,0.7874159
32951,1.032,33.77525,0.78,27.44622,0.7874159
32989,1.008925,25.89772,0.97,20.33582,0.7782901
32990,1.015704,24.41667,0.91,17.8294,0.7189245
32991,1.023813,27.709609999999998,0.88,18.95634,0.6681953
32992,1.033392,32.72862,0.91,19.83833,0.58656
33249,1.026225,32.446039999999996,1.09,26.32153,0.7905088
33273,1.0256,31.74255,0.91,25.77408,0.7917048
33274,1.106875,34.56473,1.1,28.11308,0.7348127
33457,1.02095,27.54737,0.7,22.4571,0.7984893
33458,1.02095,27.54737,1.06,22.4571,0.7984893
33459,1.0256,31.74255,0.87,25.77408,0.7917048
33460,1.0256,31.74255,1.01,25.77408,0.7917048
33461,1.016829,31.08691,0.93,24.16834,0.7645772
33462,1.016829,31.08691,0.97,24.16834,0.7645772
33464,1.018537,32.47371,0.95,25.16805,0.7609233
33465,1.022215,28.838350000000002,0.919,20.40725,0.6922641
33466,1.022215,28.838350000000002,1.03,20.40725,0.6922641
33772,1.022215,28.838350000000002,1.11,20.40725,0.6922641
33773,1.022215,28.838350000000002,1.13,20.40725,0.6922641
33774,1.022215,28.838350000000002,0.86,20.40725,0.6922641
33775,1.022215,28.838350000000002,0.86,20.40725,0.6922641
33776,1.022215,28.838350000000002,0.94,20.40725,0.6922641
33777,1.022215,28.838350000000002,0.98,20.40725,0.6922641
33778,1.022215,28.838350000000002,0.98,20.40725,0.6922641
33779,1.022215,28.838350000000002,1.0,20.40725,0.6922641
33780,1.022215,28.838350000000002,1.0,20.40725,0.6922641
33781,1.022215,28.838350000000002,0.95,20.40725,0.6922641
33782,1.022215,28.838350000000002,0.97,20.40725,0.6922641
33783,1.022215,28.838350000000002,1.0,20.40725,0.6922641
33784,1.022215,28.838350000000002,1.01,20.40725,0.6922641
33785,1.022215,28.838350000000002,1.105,20.40725,0.6922641
33786,1.022215,28.838350000000002,1.1,20.40725,0.6922641
33787,1.022215,28.838350000000002,1.13,20.40725,0.6922641
33808,1.022215,28.838350000000002,0.847,20.40725,0.6922641
33989,1.022215,28.838350000000002,1.02,20.40725,0.6922641
33990,1.022215,28.838350000000002,1.02,20.40725,0.6922641
33991,1.022215,28.838350000000002,1.05,20.40725,0.6922641
33992,1.022215,28.838350000000002,1.07,20.40725,0.6922641
33993,1.022215,28.838350000000002,1.02,20.40725,0.6922641
33994,1.022215,28.838350000000002,1.03,20.40725,0.6922641
33995,1.022215,28.838350000000002,1.0,20.40725,0.6922641
33996,1.022215,28.838350000000002,1.0,20.40725,0.6922641
33997,1.022215,28.838350000000002,0.97,20.40725,0.6922641
33998,1.022215,28.838350000000002,0.99,20.40725,0.6922641
33999,1.022215,28.838350000000002,1.01,20.40725,0.6922641
34062,1.022534,29.14615,0.94,20.58835,0.6908162
34293,1.016764,25.621940000000002,1.06,20.24289,0.7770344
34335,1.008514,25.56311,1.02,20.08283,0.7789858
34336,1.008514,25.56311,1.11,20.08283,0.7789858
34337,1.008514,25.56311,1.05,20.08283,0.7789858
34338,1.008514,25.56311,1.09,20.08283,0.7789858
34339,1.008514,25.56311,1.08,20.08283,0.7789858
34340,1.008514,25.56311,1.05,20.08283,0.7789858
34341,1.008514,25.56311,1.06,20.08283,0.7789858
34456,1.022215,28.838350000000002,0.96,20.40725,0.6922641
34739,1.012545,26.097070000000002,1.03,18.38428,0.6957293
34794,1.021665,28.310340000000004,1.04,20.1113,0.6953228
34797,1.021665,28.310340000000004,1.02,20.1113,0.6953228
35040,1.022215,28.838350000000002,0.87,20.40725,0.6922641
35065,1.021411,27.54255,1.09,19.64939,0.6984649
35066,1.021985,26.157960000000003,1.09,18.77,0.7021275
35067,1.021411,27.54255,1.07,19.64939,0.6984649
35068,1.021985,26.157960000000003,1.075,18.77,0.7021275
35157,1.019912,30.662490000000002,1.05,24.63125,0.7876188
35158,1.019912,30.662490000000002,1.02,24.63125,0.7876188
35159,1.019912,30.662490000000002,1.05,24.63125,0.7876188
35160,1.019912,30.662490000000002,1.02,24.63125,0.7876188
35170,1.02199,28.621589999999998,0.86,20.28508,0.6934836
35171,1.022432,32.16934,1.0,22.42105,0.6816783
35172,1.02199,28.621589999999998,1.01,20.28508,0.6934836
35173,1.014806,26.05382,1.03,18.93117,0.7160165
35174,1.02199,28.621589999999998,1.03,20.28508,0.6934836
35175,1.011068,25.12735,1.01,17.89792,0.7044911
35176,1.02199,28.621589999999998,1.0,20.28508,0.6934836
35177,1.010923,27.07339,1.0,19.09151,0.6975565
35178,1.02199,28.621589999999998,1.0,20.28508,0.6934836
35179,1.01123,28.934469999999997,0.99,20.18513,0.6898681
35180,1.02199,28.621589999999998,0.87,20.28508,0.6934836
35181,1.014806,26.05382,1.05,18.93117,0.7160165
35191,1.022215,28.838350000000002,1.098,20.40725,0.6922641
35192,1.022215,28.838350000000002,1.086,20.40725,0.6922641
35193,1.022215,28.838350000000002,1.077,20.40725,0.6922641
35194,1.022215,28.838350000000002,,20.40725,0.6922641
35312,1.022387,29.00568,0.9,20.50515,0.691456
35317,1.022387,29.00568,0.91,20.50515,0.691456
35343,1.022387,29.00568,1.12,20.50515,0.691456
35451,1.011437,27.35846,0.95,21.43249,0.7745372
35452,1.011437,27.35846,1.097,21.43249,0.7745372
35453,1.022534,29.14615,0.69,20.58835,0.6908162
35465,1.002893,30.69228,1.06,23.39159,0.7599347
35469,1.002893,30.69228,1.06,23.39159,0.7599347
35473,1.002893,30.69228,1.06,23.39159,0.7599347
35477,1.002893,30.69228,1.06,23.39159,0.7599347
35516,1.022387,29.00568,0.84,20.50515,0.691456
35517,1.021807,28.445659999999997,1.03,20.187,0.6945236
35664,1.022387,29.00568,1.06,20.50515,0.691456
35756,1.022387,29.00568,0.98,20.50515,0.691456
35758,1.010367,28.140069999999998,1.02,19.73405,0.694084
35802,1.022215,28.838350000000002,1.04,20.40725,0.6922641
35849,1.022215,28.838350000000002,1.02,20.40725,0.6922641
35858,1.03359,34.45745,0.85,24.18902,0.679183
35859,1.03359,34.45745,0.94,24.18902,0.679183
35860,1.03359,34.45745,0.98,24.18902,0.679183
35861,1.03359,34.45745,0.96,24.18902,0.679183
35862,1.03359,34.45745,0.92,24.18902,0.679183
35863,1.03359,34.45745,0.92,24.18902,0.679183
35905,1.022215,28.838350000000002,1.02,20.40725,0.6922641
35983,1.022215,28.838350000000002,,20.40725,0.6922641
35984,1.022215,28.838350000000002,1.1,20.40725,0.6922641
36100,1.013405,26.98732,0.82,20.62722,0.7542199
36300,1.02187,28.50758,0.98,20.22104,0.6941406
36301,1.02187,28.50758,1.03,20.22104,0.6941406
36302,1.02187,28.50758,1.01,20.22104,0.6941406
36303,1.02187,28.50758,1.02,20.22104,0.6941406
36304,1.02187,28.50758,0.96,20.22104,0.6941406
36305,1.02187,28.50758,1.01,20.22104,0.6941406
36306,1.02187,28.50758,0.91,20.22104,0.6941406
36307,1.02187,28.50758,0.89,20.22104,0.6941406
36308,1.02187,28.50758,0.9,20.22104,0.6941406
36309,1.02187,28.50758,0.92,20.22104,0.6941406
36310,1.02187,28.50758,0.92,20.22104,0.6941406
36311,1.02187,28.50758,0.95,20.22104,0.6941406
36386,1.022387,29.00568,0.7959999999999999,20.50515,0.691456
36387,1.022387,29.00568,0.768,20.50515,0.691456
36466,1.021488,28.141820000000003,0.93,20.01644,0.6963078
36473,1.023319,33.12357,,22.95186,0.6771264
36483,1.022215,28.838350000000002,0.81,20.40725,0.6922641
36563,1.021818,29.024459999999998,0.9,20.5321,0.6923024
36564,1.01088,26.32154,0.887,18.6322,0.7002501
36565,1.022215,28.838350000000002,1.05,20.40725,0.6922641
36566,1.022215,28.838350000000002,1.04,20.40725,0.6922641
36567,1.022215,28.838350000000002,1.05,20.40725,0.6922641
36568,1.022215,28.838350000000002,1.01,20.40725,0.6922641
36625,1.022387,29.00568,0.5,20.50515,0.691456
36626,1.022387,29.00568,1.06,20.50515,0.691456
36638,1.022534,29.14615,0.9,20.58835,0.6908162
36753,1.022003,31.712470000000003,1.07,22.16488,0.6838853
36754,1.022003,31.712470000000003,1.072,22.16488,0.6838853
36755,1.022003,31.712470000000003,1.094,22.16488,0.6838853
36756,1.022003,31.712470000000003,1.083,22.16488,0.6838853
36757,1.022003,31.712470000000003,1.081,22.16488,0.6838853
36763,1.022215,28.838350000000002,0.897,20.40725,0.6922641
36764,1.022215,28.838350000000002,0.917,20.40725,0.6922641
36904,1.022215,28.838350000000002,1.09,20.40725,0.6922641
37054,1.020585,27.345589999999998,1.08,22.29101,0.7987173
37055,1.020585,27.345589999999998,1.08,22.29101,0.7987173
37056,1.020585,27.345589999999998,1.07,22.29101,0.7987173
37057,1.020585,27.345589999999998,1.07,22.29101,0.7987173
37058,1.020585,27.345589999999998,1.04,22.29101,0.7987173
37059,1.020585,27.345589999999998,0.93,22.29101,0.7987173
37060,1.020585,27.345589999999998,1.0,22.29101,0.7987173
37061,1.020585,27.345589999999998,0.92,22.29101,0.7987173
37062,1.020585,27.345589999999998,1.06,22.29101,0.7987173
37063,1.020585,27.345589999999998,1.05,22.29101,0.7987173
37064,1.020585,27.345589999999998,1.06,22.29101,0.7987173
37065,1.020585,27.345589999999998,1.03,22.29101,0.7987173
37066,1.020585,27.345589999999998,1.05,22.29101,0.7987173
37067,1.020585,27.345589999999998,1.02,22.29101,0.7987173
37068,1.020585,27.345589999999998,1.01,22.29101,0.7987173
37069,1.020585,27.345589999999998,1.04,22.29101,0.7987173
37070,1.020585,27.345589999999998,1.02,22.29101,0.7987173
37071,1.020585,27.345589999999998,1.05,22.29101,0.7987173
37072,1.020585,27.345589999999998,1.02,22.29101,0.7987173
37073,1.020585,27.345589999999998,1.07,22.29101,0.7987173
37074,1.020585,27.345589999999998,1.0,22.29101,0.7987173
37075,1.020585,27.345589999999998,1.01,22.29101,0.7987173
37076,1.020585,27.345589999999998,1.04,22.29101,0.7987173
37077,1.020585,27.345589999999998,1.05,22.29101,0.7987173
37078,1.020585,27.345589999999998,1.01,22.29101,0.7987173
37079,1.020585,27.345589999999998,1.11,22.29101,0.7987173
37080,1.020585,27.345589999999998,1.09,22.29101,0.7987173
37081,1.020585,27.345589999999998,1.07,22.29101,0.7987173
37082,1.020585,27.345589999999998,1.08,22.29101,0.7987173
37083,1.020585,27.345589999999998,1.06,22.29101,0.7987173
37084,1.020585,27.345589999999998,1.04,22.29101,0.7987173
37085,1.020585,27.345589999999998,1.07,22.29101,0.7987173
37086,1.020585,27.345589999999998,1.0,22.29101,0.7987173
37087,1.020585,27.345589999999998,1.05,22.29101,0.7987173
37088,1.020585,27.345589999999998,1.09,22.29101,0.7987173
37089,1.020585,27.345589999999998,1.03,22.29101,0.7987173
37090,1.020585,27.345589999999998,1.08,22.29101,0.7987173
37091,1.020585,27.345589999999998,1.02,22.29101,0.7987173
37092,1.020585,27.345589999999998,1.05,22.29101,0.7987173
37093,1.020585,27.345589999999998,1.1,22.29101,0.7987173
37094,1.020585,27.345589999999998,1.08,22.29101,0.7987173
37095,1.020585,27.345589999999998,1.08,22.29101,0.7987173
37096,1.020585,27.345589999999998,1.09,22.29101,0.7987173
37097,1.020585,27.345589999999998,1.05,22.29101,0.7987173
37098,1.020585,27.345589999999998,1.04,22.29101,0.7987173
37099,1.020585,27.345589999999998,1.1,22.29101,0.7987173
37100,1.020585,27.345589999999998,1.08,22.29101,0.7987173
37101,1.020585,27.345589999999998,1.09,22.29101,0.7987173
37102,1.020585,27.345589999999998,1.1,22.29101,0.7987173
37214,1.013257,26.861200000000004,1.015,20.53947,0.7546475
37217,1.013257,26.861200000000004,,20.53947,0.7546475
37220,1.013257,26.861200000000004,,20.53947,0.7546475
37328,1.022387,29.00568,1.05,20.50515,0.691456
37330,1.022387,29.00568,,20.50515,0.691456
37408,1.030825,24.64694,1.06,18.03213,0.7097393
37600,1.021717,28.360719999999997,0.6,20.1389,0.6950052
37601,1.021717,28.360719999999997,0.66,20.1389,0.6950052
37602,1.021717,28.360719999999997,0.67,20.1389,0.6950052
37726,1.022387,29.00568,0.9,20.50515,0.691456
37727,1.022387,29.00568,0.92,20.50515,0.691456
37789,1.040009,33.23113,0.98,25.86608,0.7484249
37790,1.045583,36.53033,0.95,25.84777,0.6767229
37890,1.001822,26.094240000000003,1.11,20.36016,0.7788359
37894,1.001822,26.094240000000003,,20.36016,0.7788359
37898,1.001822,26.094240000000003,1.09,20.36016,0.7788359
37973,1.031321,25.939069999999997,0.898,18.87621,0.7056131
38486,1.016364,28.16624,1.06,22.81731,0.7970513
38487,1.016364,28.16624,1.06,22.81731,0.7970513
38488,1.016364,28.16624,1.04,22.81731,0.7970513
38489,1.016364,28.16624,1.01,22.81731,0.7970513
38778,1.020312,27.03757,0.99,22.05042,0.7993118
38779,1.011437,27.35846,,21.43249,0.7745372
38780,1.018677,28.21559,0.96,20.80638,0.7238875
38781,1.024703,25.95482,0.88,17.17449,0.6457552
38782,1.011437,27.35846,1.01,21.43249,0.7745372
38810,1.014566,26.91648,0.943,21.826,0.7992371
38811,1.014566,26.91648,0.929,21.826,0.7992371
38812,1.014566,26.91648,0.939,21.826,0.7992371
38826,1.010764,23.66972,0.86,16.99361,0.7103011
38827,1.010764,23.66972,0.932,16.99361,0.7103011
38828,1.010764,23.66972,0.855,16.99361,0.7103011
38829,1.010764,23.66972,0.855,16.99361,0.7103011
38830,1.010764,23.66972,0.6709999999999999,16.99361,0.7103011
38831,1.010764,23.66972,0.6629999999999999,16.99361,0.7103011
38832,1.010764,23.66972,0.883,16.99361,0.7103011
38833,1.010764,23.66972,1.08,16.99361,0.7103011
38834,1.010764,23.66972,1.07,16.99361,0.7103011
38835,1.010764,23.66972,1.03,16.99361,0.7103011
38836,1.010764,23.66972,1.08,16.99361,0.7103011
39141,1.021488,28.141820000000003,1.02,20.01644,0.6963078
39142,1.021488,28.141820000000003,1.06,20.01644,0.6963078
39160,1.026225,32.446039999999996,0.74,26.32153,0.7905088
39161,1.026225,32.446039999999996,0.86,26.32153,0.7905088
39162,1.026225,32.446039999999996,0.89,26.32153,0.7905088
39163,1.026225,32.446039999999996,0.87,26.32153,0.7905088
39222,1.022215,28.838350000000002,0.97,20.40725,0.6922641
39223,1.022215,28.838350000000002,0.98,20.40725,0.6922641
39350,1.022387,29.00568,1.11,20.50515,0.691456
39352,1.022387,29.00568,1.1,20.50515,0.691456
39390,1.012272,25.878179999999997,1.05,18.2549,0.6968647
39391,1.012272,25.878179999999997,1.05,18.2549,0.6968647
39392,1.012272,25.878179999999997,0.96,18.2549,0.6968647
39393,1.012272,25.878179999999997,0.92,18.2549,0.6968647
39433,1.021488,28.141820000000003,1.08,20.01644,0.6963078
39434,1.021488,28.141820000000003,1.08,20.01644,0.6963078
39886,1.021293,25.05049,1.117,18.09442,0.7072586
39887,1.021293,25.05049,1.125,18.09442,0.7072586
39888,1.021293,25.05049,1.082,18.09442,0.7072586
39889,1.021293,25.05049,1.087,18.09442,0.7072586
40018,1.005026,26.31889,0.95,20.565,0.7774707
40019,1.005026,26.31889,0.96,20.565,0.7774707
40039,1.030489,30.95529,1.01,25.42968,0.7971918
40040,1.030489,30.95529,1.01,25.42968,0.7971918
40497,1.021787,30.92016,1.04,21.65717,0.685488
41204,1.022387,29.00568,1.05,20.50515,0.691456
41237,1.022387,29.00568,1.032,20.50515,0.691456
41238,1.022387,29.00568,1.018,20.50515,0.691456
41251,1.02199,28.621589999999998,0.93,20.28508,0.6934836
41279,1.022387,29.00568,0.997,20.50515,0.691456
41324,1.022215,28.838350000000002,1.09,20.40725,0.6922641
41325,1.022215,28.838350000000002,1.07,20.40725,0.6922641
41326,1.022387,29.00568,0.865,20.50515,0.691456
41327,1.022387,29.00568,0.74,20.50515,0.691456
41328,1.022387,29.00568,0.72,20.50515,0.691456
41350,1.022387,29.00568,1.05,20.50515,0.691456
41367,1.022387,29.00568,0.72,20.50515,0.691456
41538,1.008529,23.77876,0.95,18.44672,0.7692037
41539,1.008529,23.77876,0.94,18.44672,0.7692037
41540,1.008529,23.77876,0.95,18.44672,0.7692037
41541,1.008529,23.77876,0.92,18.44672,0.7692037
41675,0.9802383,22.62678,1.1,16.59093,0.7480251
41676,0.9802383,22.62678,1.08,16.59093,0.7480251
41677,0.9802383,22.62678,0.94,16.59093,0.7480251
41678,0.9802383,22.62678,0.61,16.59093,0.7480251
41679,0.9802383,22.62678,0.68,16.59093,0.7480251
41693,0.9854787,26.76388,1.09,19.95145,0.7564466
41746,1.011009,25.07789,1.04,17.86855,0.7047632
41747,1.011009,25.07789,1.04,17.86855,0.7047632
41748,1.011009,25.07789,1.05,17.86855,0.7047632
41749,1.011009,25.07789,1.05,17.86855,0.7047632
41750,1.011009,25.07789,1.05,17.86855,0.7047632
41751,1.011009,25.07789,1.05,17.86855,0.7047632
41823,1.02187,28.50758,0.957,20.22104,0.6941406
41824,1.02187,28.50758,1.053,20.22104,0.6941406
41876,0.997934,21.37833,0.93,15.35036,0.7195201
41908,0.9977177,29.255239999999997,0.988,21.37163,0.7321945
42006,0.9988545,28.32018,1.08,20.94992,0.7406008
42007,0.9988545,28.32018,1.08,20.94992,0.7406008
42008,0.9988545,28.32018,1.1,20.94992,0.7406008
42009,0.9988545,28.32018,1.09,20.94992,0.7406008
42123,1.008456,23.71619,0.98,18.40276,0.7694509
42175,1.022387,29.00568,0.83,20.50515,0.691456
42173,1.022387,29.00568,0.96,20.50515,0.691456
42174,1.022387,29.00568,0.92,20.50515,0.691456
23139,1.022387,29.00568,0.92,20.50515,0.691456
