Ref_ID,delta_Voc,delta_Jsc,delta_PCE,delta_FF
20,0.10898999999999992,12.851590000000002,10.28508,-0.006516399999999978
22,-0.041154000000000135,13.580079999999999,12.088349999999998,0.10617929999999998
23,-0.07115400000000016,11.580079999999999,9.18835,0.059179300000000046
24,-0.08115400000000017,11.250079999999997,8.18835,0.03317930000000002
25,-0.051154000000000144,11.70008,10.388349999999999,0.09517929999999997
26,-0.041154000000000135,13.580079999999999,12.088349999999998,0.10617929999999998
27,-0.08115400000000017,11.250079999999997,8.18835,0.03317930000000002
72,-0.09866200000000003,5.228439999999999,2.2971799999999973,-0.004401800000000011
89,0.021665000000000045,8.310340000000004,7.1113,0.045322799999999996
90,-0.07833500000000004,5.310340000000004,2.9113000000000007,0.01532279999999997
91,-0.07833500000000004,6.310340000000004,5.1113,0.07532280000000002
169,-0.028512000000000093,6.381820000000001,2.5964399999999976,-0.06569219999999998
170,-0.008512000000000075,7.301820000000003,4.096439999999999,-0.04369219999999996
171,0.04148799999999997,7.151820000000004,5.9264399999999995,0.018307800000000096
267,-0.11485750000000006,5.84205,2.4481800000000007,0.0021046999999999594
297,0.012386999999999926,8.535680000000003,6.09515,-0.005544000000000104
391,0.13438699999999992,5.09768,6.34515,0.024455999999999922
411,-0.059236000000000066,1.2597200000000015,0.9736100000000008,0.04030109999999998
412,-0.059236000000000066,0.8897200000000005,-0.37639000000000067,0.0003011000000000541
413,-0.08023599999999997,0.8697200000000009,-1.6763900000000014,-0.03969889999999998
414,-0.09223599999999998,0.1297200000000025,-2.706389999999999,-0.04969889999999999
415,-0.09023599999999998,1.149720000000002,-1.336389999999998,-0.029698899999999973
475,0.04858899999999999,12.73254,13.378440000000001,0.23888559999999992
529,-0.03254800000000002,7.878070000000001,7.11388,0.07242290000000007
853,-0.007784999999999931,8.338349999999998,6.567250000000001,0.06626410000000005
854,-0.03778499999999996,7.43835,4.247250000000001,0.009264100000000108
855,0.012215000000000087,10.338349999999998,7.3572500000000005,0.04126410000000014
919,-0.048904999999999976,8.654140000000002,6.094740000000002,0.005674199999999963
924,0.0955379999999999,11.14883,12.097650000000002,0.06766990000000006
925,0.14553799999999995,10.548830000000002,12.29765,0.06366989999999995
926,0.0955379999999999,10.748830000000002,10.29765,0.002669900000000003
927,0.12553799999999993,10.548830000000002,11.197650000000001,0.027669900000000025
928,0.08553799999999989,10.64883,9.49765,-0.02433010000000002
929,0.14553799999999995,10.64883,12.197650000000001,0.05466990000000005
930,0.10553799999999991,11.14883,10.597650000000002,-0.009330100000000008
931,0.19553799999999988,10.548830000000002,13.79765,0.10166989999999998
932,0.10553799999999991,10.14883,10.89765,0.03566990000000003
946,0.022823999999999955,8.532060000000001,10.913789999999999,0.23265439999999993
949,0.01682399999999995,6.882059999999999,8.68379,0.16165439999999998
950,0.03682399999999997,7.5720600000000005,9.583789999999999,0.1756544
951,0.01682399999999995,6.882059999999999,8.68379,0.16165439999999998
952,0.020823999999999954,9.91206,11.60379,0.2026544
1145,-0.03778499999999996,7.84835,4.317250000000001,-0.03173590000000004
1147,-0.047784999999999966,7.958349999999999,4.387250000000002,-0.027735899999999925
1148,-0.047784999999999966,7.34835,3.827250000000003,-0.029735899999999926
1149,-0.047784999999999966,8.11835,4.407250000000001,-0.036735900000000044
1150,-0.047784999999999966,7.948349999999998,4.0972500000000025,-0.04373589999999994
1152,-0.07778499999999999,7.968349999999997,3.4072500000000012,-0.04773589999999994
1153,-0.047784999999999966,7.858349999999998,4.05725,-0.03373589999999993
1166,-0.025123000000000006,10.868780000000001,8.71107,0.07799310000000004
1241,-0.08093600000000001,6.871929999999999,4.97016,0.04375220000000002
1242,-0.08093600000000001,6.871929999999999,4.97016,0.04375220000000002
1352,0.011989999999999945,5.66159,3.0350800000000007,-0.04651640000000001
1354,-0.07801000000000013,5.041590000000003,0.07507999999999981,-0.08451640000000005
1356,-0.07951200000000003,6.721820000000001,3.0164399999999993,-0.04269220000000007
1360,-0.049512,11.831820000000004,6.716439999999999,-0.06469219999999987
1362,-0.08351200000000003,6.031820000000003,1.0964399999999976,-0.07769219999999999
1363,-0.08051200000000014,5.791820000000001,1.326439999999998,-0.06269219999999998
1365,-0.08851200000000015,6.421820000000004,1.6164400000000008,-0.06669219999999998
1507,0.012513999999999914,9.17998,6.937480000000001,0.013848599999999989
1612,-0.12320760000000008,6.627849999999999,6.314879999999999,0.16362789999999994
1613,0.025188999999999906,7.72472,2.6573899999999995,-0.13557419999999998
1614,-0.019187000000000065,1.9827999999999992,0.860557,-0.01110600000000006
1615,-0.09141730000000003,3.299900000000001,2.9269100000000012,0.09641650000000002
1616,0.10381299999999993,2.912799999999999,5.190557,0.32689400000000013
1821,0.0823830000000001,14.43186,14.66864,0.12868599999999997
1822,0.07238300000000009,12.731859999999998,12.71864,0.09768599999999994
2024,0.031665000000000054,7.300340000000002,6.0013000000000005,0.01532279999999997
2025,0.031665000000000054,7.410340000000005,5.0113,-0.034677199999999964
2026,-0.04833500000000002,7.190340000000003,2.7113000000000014,-0.0746772
2027,0.18166500000000008,8.710340000000002,8.8613,0.01532279999999997
2028,0.05166500000000007,8.910340000000005,7.2113,0.017322800000000083
2029,0.0776650000000001,7.110340000000004,6.901299999999999,0.03532279999999999
2030,0.0766650000000001,7.110340000000004,6.331300000000001,0.007322800000000074
2031,0.04666500000000007,7.110340000000004,4.401299999999999,-0.06467719999999999
2032,0.2016650000000001,8.810340000000004,9.7913,0.0503228
2078,0.13155400000000006,25.90036,20.512600000000003,0.23002840000000002
2085,-0.0890740000000001,5.194769999999998,10.043779999999998,0.23568959999999994
2086,-0.04907400000000006,5.894769999999998,7.473779999999998,0.1626896
2087,-0.019074000000000035,7.694769999999998,9.503779999999999,0.1876896
2099,-0.04815400000000003,4.81475,4.805869999999999,0.07766270000000008
2115,-0.07377500000000015,9.246040000000004,8.62153,0.09850879999999995
2699,0.20542700000000003,17.65475,18.11934,0.08701829999999988
2757,-0.03398239999999997,10.1113,7.798629999999999,0.026508100000000034
2837,-0.009128000000000025,7.0259300000000025,5.4815000000000005,0.025827899999999904
2844,0.20542700000000003,18.69475,18.849339999999998,0.0990183
2874,-8.900000000000574e-05,7.625859999999999,5.19356,-0.01323350000000001
2875,0.06991100000000006,7.835859999999997,9.743559999999999,0.18676649999999995
2876,0.08991099999999996,9.85586,12.00356,0.2367665
2877,-0.057613000000000136,6.955680000000001,2.9451500000000017,-0.04854400000000003
2900,0.03198999999999996,7.4415900000000015,6.205080000000001,0.021483599999999936
2901,-0.04801000000000011,7.0615900000000025,3.9550800000000024,-0.014516399999999985
3218,0.012386999999999926,9.58568,6.12515,-0.041544000000000025
3384,-0.007613000000000092,9.075680000000002,6.92515,0.03145599999999993
3385,-0.007613000000000092,6.74568,5.50515,0.04145599999999994
3415,0.002386999999999917,7.2256800000000005,10.00515,0.221456
3499,-0.022612999999999994,8.705680000000001,6.10515,0.014455999999999913
3503,0.055593399999999904,10.060030000000001,8.46496,0.033296800000000015
3504,0.06326029999999994,10.113310000000002,8.83856,0.0494325000000001
3505,0.11307089999999997,7.685870000000001,8.282560000000002,0.07635189999999992
3506,0.1269038,6.469799999999999,9.61413,0.1857726999999999
3552,-0.071075,3.4377199999999988,4.935819999999998,0.14329009999999998
3553,-0.10107500000000003,2.887719999999998,2.9458199999999977,0.09829009999999994
3554,-0.11107500000000003,3.257719999999999,3.9958199999999984,0.13129009999999997
3568,-0.07761300000000015,8.63568,4.60515,-0.018544000000000005
3655,0.14238699999999993,11.075680000000002,11.82515,0.14445599999999992
3697,0.04356000000000004,9.923950000000001,13.021430000000002,0.2727328
3698,0.06256000000000006,7.32395,10.021430000000002,0.1657328
3699,0.04156000000000004,8.223950000000002,9.521430000000002,0.1377328
3700,0.06056000000000006,10.52395,12.221430000000002,0.22373279999999995
3701,0.04856000000000005,8.423950000000001,8.021430000000002,0.1417328
3709,-0.06148600000000015,8.263110000000001,9.182830000000001,0.18898579999999998
3789,-0.047784999999999966,4.338349999999998,1.707250000000002,-0.07773589999999997
3822,0.12687400000000004,13.205739999999999,11.694909999999998,0.06629810000000003
3823,0.21777599999999997,13.50573,13.27467,0.10399120000000006
3824,0.23875599999999997,14.405720000000004,13.698649999999997,0.09943730000000006
3825,0.26937999999999995,14.555710000000001,13.9799,0.0853756
3826,0.260035,14.725700000000002,14.618500000000001,0.14720520000000004
3827,0.3823869999999999,19.805680000000002,17.21515,0.13345600000000002
3903,-0.04657800000000001,8.36578,6.605729999999999,0.05507470000000003
3953,-0.08910499999999999,4.127230000000001,2.9410600000000002,0.053047100000000014
3955,-0.019104999999999928,5.227229999999999,15.251060000000003,0.5230471
4012,0.003422000000000036,8.035780000000003,8.10573,0.10707470000000008
4028,0.05238699999999996,8.105680000000003,6.00515,-0.028544000000000014
4076,0.16574499999999992,8.708979999999997,10.226890000000001,0.14256879999999994
4101,-0.007613000000000092,5.4756800000000005,6.03515,0.09445599999999998
4102,-0.057613000000000136,4.625680000000003,3.235150000000001,0.03545600000000004
4172,-0.07761300000000015,5.805680000000002,4.70515,0.07145599999999996
4174,-0.0176130000000001,7.605680000000003,8.805150000000001,0.16345599999999993
4200,-0.08910499999999999,9.36723,9.181060000000002,0.1630471
4237,0.05238699999999996,9.29568,9.225150000000001,0.10145599999999999
4239,0.2423869999999999,15.365680000000001,16.04515,0.271456
4300,0.08238699999999999,11.125680000000003,9.24515,0.02145599999999992
4301,0.05181100000000005,10.29099,7.8813200000000005,-0.003105399999999925
4302,0.03376000000000001,16.820030000000003,12.043650000000001,-0.013672399999999918
4303,0.02191199999999993,7.332460000000001,5.6569,0.0072030000000000705
4304,0.04074400000000011,7.22297,5.793099999999999,0.0024186000000000485
4305,0.11630800000000008,12.079360000000001,10.468879999999999,0.037999499999999964
4306,0.1023869999999999,12.785680000000003,10.62515,0.03145599999999993
4307,0.07181100000000007,11.090990000000001,8.781320000000001,0.0368946
4310,0.08574400000000004,7.7029700000000005,7.363099999999999,0.05241859999999998
4311,-0.047784999999999966,6.738349999999997,4.30725,0.02226410000000001
4376,0.15238699999999994,12.285680000000003,13.86515,0.23145599999999994
4377,0.06238699999999997,10.955680000000001,8.50515,0.0014560000000000128
4378,0.1023869999999999,11.355680000000003,9.91515,0.04145599999999994
4380,0.06181900000000007,8.358890000000002,10.89359,0.21441880000000002
4381,0.011819000000000024,8.158890000000003,8.493590000000001,0.12441880000000005
4382,0.04181900000000005,7.7588900000000045,8.09359,0.10441880000000003
4384,0.03181900000000004,6.658890000000003,6.19359,0.05441879999999999
4490,0.17257899999999993,5.286369999999998,6.121339999999998,0.02713410000000005
4513,0.08238699999999999,14.005680000000002,14.465150000000001,0.26145599999999997
4586,-0.02746599999999999,8.646149999999999,6.688349999999998,0.06081619999999999
4587,-0.06746600000000003,6.446149999999999,3.7883499999999977,0.02081619999999995
4813,-0.05746600000000002,6.436149999999998,3.1283499999999975,-0.021183800000000086
4914,-0.10148600000000019,2.14311,0.5528300000000002,0.02698579999999995
4915,-0.131486,1.4631100000000004,-1.2271699999999974,0.0029858000000000384
5029,0.10914599999999985,10.6694,13.840419999999998,0.1722325
5037,0.09914599999999985,11.049399999999999,13.520419999999998,0.14223249999999998
5041,0.09914599999999985,11.4494,13.800419999999999,0.1522325
5045,0.10914599999999985,12.0594,15.240419999999999,0.20223250000000004
5049,0.12914599999999987,12.139399999999998,18.19042,0.3622325
5053,0.1491459999999999,18.449399999999997,22.94042,0.5522325
5351,0.09038699999999988,11.90568,10.305150000000001,0.051455999999999946
5560,-0.03778499999999996,7.1183499999999995,3.337250000000001,-0.04873589999999994
5682,0.030245000000000077,3.5702,7.330859999999998,0.20142719999999992
5683,0.050245000000000095,7.670200000000001,7.730859999999998,0.07142720000000002
5686,0.050245000000000095,7.3702000000000005,9.330859999999998,0.1714272
5760,0.09701499999999996,6.271419999999999,8.98863,0.09765030000000008
5848,0.09221500000000005,19.43835,15.407250000000001,0.1222641000000001
5849,0.09221500000000005,17.43835,13.807250000000002,0.062264100000000044
5850,0.032215000000000105,12.338349999999998,9.50725,0.02226410000000001
5852,0.07221500000000014,16.238349999999997,13.307250000000002,-0.05773589999999995
5854,0.05221500000000012,15.538349999999998,17.507250000000003,-0.14773589999999992
5862,-0.03778499999999996,24.81835,17.297250000000002,-0.03773589999999993
5934,0.03198999999999996,6.221590000000003,5.07508,0.007483600000000035
6211,-0.023965000000000014,7.505700000000001,4.698500000000001,-0.013794799999999996
6523,0.14825199999999994,10.25528,14.122440000000001,0.34930089999999997
6524,0.40825199999999995,10.55528,13.622440000000001,0.27930089999999996
6526,0.15825199999999995,10.05528,13.122440000000001,0.25930089999999995
6527,0.2282519999999999,10.25528,14.422440000000002,0.22930089999999992
6529,-0.02074799999999999,9.75528,9.022440000000001,0.09930089999999991
6530,-0.0027479999999999727,9.995280000000001,14.622440000000001,0.13630089999999995
6752,0.4248790000000001,14.211459999999999,18.91837,0.24892409999999998
6753,0.20487900000000014,9.211459999999999,16.91837,0.37892410000000004
6755,-0.02512099999999995,12.211459999999999,14.71837,0.2789241
6757,0.4348790000000001,17.21146,20.71837,0.31892410000000004
6758,0.1548790000000001,16.71146,18.21837,0.2989241
6760,0.024879000000000095,11.711459999999999,13.41837,0.21892410000000007
6762,0.05487900000000012,12.31146,11.21837,0.10392410000000007
6891,-0.0752130000000002,8.432690000000001,8.211599999999997,0.11239939999999993
6919,0.09238699999999989,8.40568,7.805150000000001,0.027455999999999925
6920,0.1123869999999999,6.705680000000001,6.50515,0.0034560000000000146
6921,0.12238699999999991,10.505680000000002,9.40515,0.024455999999999922
7018,0.198005,11.089310000000001,11.917390000000001,0.14189190000000007
7019,0.15400499999999984,8.869309999999999,11.217390000000002,0.1988919
7022,0.010005000000000042,2.139310000000002,4.607390000000002,0.12489190000000006
7023,0.004005000000000036,2.1193099999999987,2.0973900000000008,0.01789190000000007
7024,0.04500499999999996,3.05931,4.307390000000002,0.0608919
7135,0.052458000000000005,19.98927,18.55426,0.1795405
7137,0.25945799999999997,25.98927,22.65426,0.21954050000000003
7145,-0.02778499999999995,6.808349999999997,4.14725,-0.01073589999999991
7146,0.042215000000000114,7.698349999999998,7.7272500000000015,0.07726410000000006
7147,0.07221500000000014,9.628349999999998,11.417250000000001,0.20026410000000006
7148,0.11221500000000006,21.06835,17.457250000000002,0.27426410000000007
7203,0.09221500000000005,17.83835,15.10725,0.19226410000000005
7204,0.08421500000000015,17.038349999999998,13.407250000000001,0.062264100000000044
7226,-0.07351200000000002,5.481820000000003,1.40644,-0.05369219999999997
7227,-0.08951200000000004,5.031820000000003,0.3064399999999985,-0.07169219999999998
7480,0.09468699999999985,23.459100000000003,20.52853,0.3218311
7481,0.07468699999999995,25.1691,21.25853,0.3348311
7482,0.06730300000000011,20.00581,19.58326,0.2944346
7483,-0.032696999999999976,12.905810000000002,10.08326,0.014434599999999964
7484,-0.012696999999999958,10.20581,9.683259999999999,0.08443460000000003
7487,-0.042696999999999985,11.20581,9.183259999999999,0.04443459999999999
7489,-0.0026969999999999494,9.805810000000001,8.18326,0.024434599999999973
7490,-0.032696999999999976,8.605810000000002,7.083259999999999,0.03443459999999998
7498,0.074847,5.09113,6.153739999999999,0.06595679999999993
7548,0.10630499999999998,10.098029999999998,12.352540000000001,0.11033899999999996
7550,0.136305,10.438029999999998,12.64254,0.09033900000000006
7552,0.06630500000000006,13.968029999999999,15.34254,0.17033900000000002
7644,0.37889000000000006,10.965449999999999,15.82344,0.30043050000000004
7645,0.29489,14.565449999999998,15.77344,0.21243049999999997
7762,-0.03761300000000012,7.435680000000001,3.8851499999999994,-0.03254400000000013
7763,-0.02761300000000011,8.035680000000003,3.895150000000001,-0.06154400000000004
7764,-0.03761300000000012,7.985680000000002,3.815149999999999,-0.06654400000000005
7766,-0.02761300000000011,11.125680000000003,8.11515,0.04145599999999994
7767,-0.02761300000000011,17.95568,13.195150000000002,0.07145599999999996
7768,-0.04761300000000013,5.3456800000000015,1.265150000000002,-0.08454399999999995
7946,-0.09579500000000007,3.6104699999999994,1.0476099999999988,0.0007224000000000119
8023,0.04838699999999996,5.99568,7.78515,0.1314559999999999
8032,0.00044200000000005346,7.178659999999997,7.678690000000001,0.0050736000000000114
8034,0.04044200000000009,9.298659999999998,12.72869,0.10007359999999998
8057,0.0542450000000001,4.586269999999999,7.649840000000001,0.16017380000000003
8058,0.012959000000000165,10.168589999999998,9.86852,0.06296540000000006
8086,-0.030613,6.105680000000003,2.305150000000001,-0.06354400000000004
8087,-0.014612999999999987,6.705680000000001,3.605150000000002,-0.03554400000000002
8088,-0.023613000000000106,6.105680000000003,2.905149999999999,-0.04354400000000003
8167,0.2214879999999999,8.641820000000003,11.51644,0.10030780000000006
8168,0.3414879999999999,9.041820000000001,13.01644,0.16330780000000011
8169,0.2214879999999999,12.641820000000003,12.51644,0.041307800000000006
8177,-0.03899000000000008,8.26493,5.796899999999999,0.019842499999999985
8178,0.16101,23.96493,16.596899999999998,-0.3101575
8179,0.06101000000000001,15.00493,10.306899999999999,-0.07015749999999998
8181,-0.03899000000000008,7.08493,5.286899999999999,0.0398425
8182,-0.03899000000000008,7.124929999999999,5.4169,0.0398425
8199,-0.05008900000000005,9.17586,7.67356,0.08676649999999997
8201,0.09991099999999997,10.69586,12.54356,0.21676649999999997
8247,0.002386999999999917,9.105680000000003,6.805150000000001,0.016455999999999915
8254,0.032386999999999944,9.605680000000003,8.70515,0.08145599999999997
8329,0.06221500000000013,6.3683499999999995,7.907250000000001,0.11326410000000009
8330,-0.047784999999999966,5.958349999999999,6.207250000000002,0.11226410000000009
8647,-0.015009999999999968,10.32159,7.48508,0.019483599999999934
8700,-0.09778500000000001,7.898349999999997,3.6072500000000005,-0.02273589999999992
8701,-0.09778500000000001,6.958349999999999,1.9072500000000012,-0.06373589999999985
8755,0.06088300000000002,5.277709999999999,6.316690000000001,0.0613556999999999
8756,0.002215000000000078,6.43835,3.497250000000001,-0.04773589999999994
8757,-0.01778499999999994,9.828349999999997,6.567250000000001,-0.007735899999999907
8766,0.12303000000000008,17.38507,16.80032,0.15565819999999997
8767,0.09303000000000006,16.48507,15.900319999999999,0.12565819999999994
8768,0.08303000000000016,15.285070000000001,15.000319999999999,0.10565820000000004
8769,0.07303000000000015,14.48507,14.30032,0.09565820000000003
8773,0.08303000000000016,14.68507,14.30032,0.09565820000000003
8774,0.06303000000000014,13.68507,13.400319999999999,0.09565820000000003
8775,0.09303000000000006,14.98507,14.700319999999998,0.10565820000000004
8819,-0.0717620000000001,9.75629,8.558089999999998,0.08970110000000009
8831,0.03707080000000007,7.439170000000004,8.10021,0.10348449999999998
8833,0.007070800000000044,6.939170000000004,7.340210000000001,0.10048450000000009
8849,-0.004813999999999874,17.73925,16.73725,0.1379144
8850,-0.023217699999999897,10.888630000000003,9.35089,0.06411140000000004
8851,-0.027660999999999936,10.336780000000001,8.704699999999999,0.04876780000000003
8852,-0.010661000000000032,11.746780000000001,10.3547,0.05876780000000004
8853,-0.04739899999999997,11.47148,9.756269999999999,0.0933676
9062,0.21238699999999988,25.805680000000002,19.80515,0.42145599999999994
9063,0.09238699999999989,13.805680000000002,12.10515,0.10145599999999999
9064,0.2223869999999999,23.405680000000004,18.40515,0.221456
9065,0.09238699999999989,13.605680000000001,15.305150000000001,0.331456
9066,0.05238699999999996,12.505680000000002,13.20515,0.23145599999999994
9080,-0.03761300000000012,6.525680000000001,5.3351500000000005,0.051455999999999946
9090,0.12148799999999993,13.471820000000003,13.72644,0.19930780000000003
9093,0.012386999999999926,12.645680000000002,10.635150000000001,0.09645599999999999
9094,0.012386999999999926,12.325680000000002,9.645150000000001,0.04345599999999994
9097,-0.028512000000000093,7.221820000000001,5.696439999999999,0.04630780000000001
9099,-0.05851200000000012,5.671820000000004,1.9864399999999982,-0.04369219999999996
9100,-0.05851200000000012,6.641820000000003,3.0864399999999996,-0.03369219999999995
9101,-0.04851200000000011,7.031820000000003,3.5964399999999976,-0.03169219999999995
9106,-0.03761300000000012,6.33568,1.8051500000000011,-0.08854400000000007
9107,-0.057613000000000136,7.425680000000003,2.805150000000001,-0.06854400000000005
9108,0.04238699999999995,6.705680000000001,4.305150000000001,-0.04854400000000003
9109,0.002386999999999917,6.505680000000002,3.7051499999999997,-0.03854400000000002
9110,-0.03761300000000012,6.505680000000002,3.305150000000001,-0.028544000000000014
9111,-0.0176130000000001,6.505680000000002,3.2051499999999997,-0.04854400000000003
9113,-0.04761300000000013,5.305680000000002,0.7051499999999997,-0.08854400000000007
9114,-0.06761300000000015,6.105680000000003,1.5051500000000004,-0.06854400000000005
9138,-0.044613000000000014,6.235680000000002,2.675150000000002,-0.041544000000000025
9224,-0.0782830000000001,7.660720000000001,3.738900000000001,-0.024994799999999984
9226,-0.048283000000000076,8.160720000000001,4.238899999999999,-0.0449948
9783,-0.057613000000000136,7.305680000000002,2.5051500000000004,-0.07854400000000006
9785,-0.11761299999999997,6.805680000000002,1.0051500000000004,-0.07854400000000006
9787,-0.09761300000000017,6.805680000000002,1.6051500000000019,-0.06854400000000005
9867,0.14238699999999993,11.72568,10.03515,0.20145599999999997
9916,-0.06761300000000015,5.33568,2.805150000000001,0.005456000000000016
9918,-0.04761300000000013,5.705680000000001,3.105150000000002,0.0014560000000000128
9919,-0.03761300000000012,5.285680000000003,4.20515,0.04345599999999994
9955,-0.08901000000000003,6.16159,1.775079999999999,-0.048516400000000015
9956,-0.11600999999999995,7.261590000000002,2.2050800000000024,-0.05051640000000013
10212,-0.03761300000000012,7.935680000000001,3.8451500000000003,-0.05554400000000004
10237,-0.02761300000000011,8.185680000000001,5.03515,-0.006543999999999994
10243,-0.06761300000000015,7.855680000000003,3.5451499999999996,-0.04654400000000003
10248,-0.06761300000000015,7.855680000000003,3.5451499999999996,-0.04654400000000003
10596,0.13920299999999997,4.226890000000001,9.69497,0.20916060000000003
10597,0.16020299999999998,4.3768899999999995,11.15497,0.26916059999999997
10598,0.11620299999999995,3.7868899999999996,7.76497,0.13816060000000008
10599,0.13920299999999997,3.8768899999999995,8.77497,0.1691606
10600,-0.009797000000000056,2.7768900000000016,3.8249700000000004,0.07716059999999991
10601,0.00020299999999995322,3.046890000000001,5.394970000000001,0.12916059999999996
10602,0.00020299999999995322,4.01689,6.02497,0.12916059999999996
10603,0.14020299999999997,4.986889999999999,11.00497,0.25916059999999996
10628,0.07325700000000013,10.961200000000003,11.059470000000001,0.12064750000000002
10667,-0.07778499999999999,6.238349999999997,1.5072500000000026,-0.06773589999999996
10923,-0.00012699999999998823,3.0378700000000016,3.4859299999999998,0.08053949999999999
11012,-0.02761300000000011,7.805680000000002,4.20515,-0.03854400000000002
11140,-0.08963300000000007,7.340070000000001,3.934049999999999,0.0040840000000000876
11141,-0.03963300000000003,7.6400700000000015,5.63405,0.04408400000000001
11142,-0.06963300000000006,7.54007,6.13405,0.04408400000000001
11143,-0.03963300000000003,7.840070000000001,7.73405,0.13408399999999998
11144,0.10036699999999998,8.640070000000001,13.23405,0.28408400000000006
11236,-0.02761300000000011,10.105680000000003,6.805150000000001,0.0014560000000000128
11258,-0.031074999999999964,4.4877199999999995,4.945819999999998,0.08829010000000004
11259,-0.031074999999999964,4.637719999999998,5.215819999999999,0.09829009999999994
11260,-0.031074999999999964,4.53772,6.015819999999998,0.14829009999999998
11269,0.1522150000000001,17.63835,16.39725,0.2922641
11270,0.13221500000000008,16.13835,14.437250000000002,0.16226410000000002
11271,0.08221500000000015,15.138349999999999,12.847250000000003,0.10226410000000008
11273,0.032215000000000105,13.338349999999998,10.43725,0.04226410000000003
11274,0.022215000000000096,11.238349999999997,8.087250000000001,-0.007735899999999907
11275,0.08221500000000015,15.438349999999998,14.35725,0.21226410000000007
11312,0.05221500000000012,7.8683499999999995,6.747250000000001,0.02226410000000001
11313,0.07221500000000014,6.34835,6.177250000000001,0.0122641
11397,-0.10716480000000006,6.7603100000000005,2.82747,-0.05968600000000002
11399,-0.005665999999999949,12.34627,9.28789,0.025034400000000012
11400,-0.003174999999999928,3.362940000000002,2.7921299999999984,0.019739300000000015
11733,0.07214300000000007,10.011790000000001,9.760409999999998,0.06292330000000002
11736,0.03214300000000003,10.191790000000001,9.27041,0.0429233
11737,0.08214299999999997,9.98179,10.170409999999999,0.07292330000000002
11738,0.11214299999999999,9.721789999999999,10.39041,0.07292330000000002
11739,0.03214300000000003,10.191790000000001,9.27041,0.0429233
11740,0.07214300000000007,9.46179,9.31041,0.06292330000000002
11741,0.08214299999999997,9.201789999999999,9.98041,0.09292329999999993
11765,0.03621500000000011,7.8683499999999995,8.407250000000001,0.11226410000000009
11773,-0.07377500000000015,10.026040000000002,7.631529999999998,0.030508800000000003
11800,-0.0330410000000001,7.41066,10.69454,0.23754930000000007
11801,-0.008383999999999947,6.91039,8.588189999999999,0.1426423
11802,-0.038383999999999974,6.91039,7.9881899999999995,0.1326423
11803,-0.068384,6.110389999999999,6.688189999999999,0.12364229999999998
11804,-0.028383999999999965,7.21039,9.28819,0.17664230000000003
11805,0.01161600000000007,8.71039,12.28819,0.2546423000000001
11981,0.07238699999999998,13.175680000000002,13.54515,0.22845600000000005
11982,0.08238699999999999,14.605680000000001,14.20515,0.26545599999999997
12001,0.03315899999999994,12.967910000000003,16.3201,0.3273436000000001
12002,0.04315899999999995,13.667910000000003,17.5601,0.37834360000000006
12032,0.12238699999999991,11.40568,12.215150000000001,0.17145599999999994
12033,0.1123869999999999,6.425680000000003,10.01515,0.18145599999999995
12054,-0.008027000000000006,11.822220000000002,8.515290000000002,0.009383700000000106
12055,-0.01693699999999998,18.31426,12.347019999999999,-0.007008199999999909
12056,-0.062287800000000004,6.872430000000001,4.446389999999999,0.010692499999999883
12455,0.27498999999999996,17.19159,18.19508,0.4554836
12499,-0.07901000000000002,11.851590000000002,8.05508,0.030483600000000055
12501,-0.022010000000000085,16.32159,11.28508,-0.007516399999999979
12639,0.3685139999999999,14.963110000000002,16.182830000000003,0.23898579999999991
12640,0.3685139999999999,16.46311,15.882830000000002,0.23898579999999991
12641,-0.007784999999999931,10.238349999999997,11.387250000000002,0.22226410000000008
12818,0.14238699999999993,7.205680000000001,12.40515,0.273456
12820,0.006215000000000082,6.488349999999997,5.007250000000001,0.0122641
12912,0.02049000000000012,6.282160000000001,6.083500000000001,0.048228600000000066
13148,-0.03778499999999996,12.52835,12.997250000000001,0.26726410000000006
13200,0.33618000000000003,9.416830000000001,12.889339999999999,0.24011690000000002
13202,0.26217999999999997,8.47683,12.17934,0.1671169
13203,0.3081800000000001,9.40683,12.17934,0.2071169
13205,0.2961800000000001,11.99683,12.37934,0.1451169
13246,-0.04996500000000004,10.0657,7.368500000000001,0.046205199999999946
13310,0.08238699999999999,26.56568,19.00515,0.061455999999999955
13312,0.19238699999999997,16.77568,15.305150000000001,0.18145599999999995
13411,-0.009613000000000094,9.205680000000001,8.50515,-0.03854400000000002
13412,0.035386999999999946,10.205680000000001,7.20515,-0.018544000000000005
13456,-0.03168099999999985,13.923570000000002,6.96186,-0.11187360000000002
13457,0.003319000000000072,14.32357,9.35186,-0.0028736000000000317
13458,0.0073190000000000754,14.11357,9.00186,-0.04487359999999996
13460,-0.0836809999999999,12.563570000000002,5.391860000000001,-0.09387359999999989
13461,-0.04668099999999997,13.62357,7.251860000000001,-0.042873599999999956
13464,-0.05568099999999987,18.60357,10.72186,-0.1038735999999999
13500,-0.07701100000000016,5.6616,4.678630000000002,0.06455220000000006
13506,0.081488,7.041820000000001,5.616439999999999,-0.028692199999999946
13507,0.11148799999999992,14.341820000000002,11.216439999999999,-0.0026922000000000335
13917,0.0016650000000000276,9.707340000000002,16.0613,0.3153228
13918,-0.03733500000000012,8.006340000000005,9.9613,0.14132280000000008
13919,-0.04433499999999979,7.1973400000000005,4.561299999999999,-0.002677199999999935
14030,-0.0014199999999999768,11.15417,9.649430000000002,0.027506600000000048
14038,-0.0014199999999999768,11.15417,9.649430000000002,0.027506600000000048
14042,-0.0014199999999999768,11.15417,9.649430000000002,0.027506600000000048
14092,0.08162799999999992,4.74099,6.13702,0.049590800000000046
14102,0.271717,6.360720000000001,14.838899999999999,0.3750052
14156,0.04011589999999998,4.493789999999997,5.065109999999999,0.05518109999999998
14222,0.04642499999999994,3.9513099999999994,4.79749,0.052842899999999915
14298,-0.04761300000000013,10.855680000000003,5.905150000000001,-0.05854400000000004
14299,-0.06761300000000015,7.505680000000002,2.0051500000000004,-0.09854400000000008
14842,-0.04365400000000008,6.4251400000000025,5.555130000000002,0.04789370000000004
14981,0.06538699999999997,2.295680000000001,9.03515,0.24845600000000007
15048,0.03638699999999995,9.785680000000003,8.67515,0.0044559999999999045
15049,0.013387000000000038,9.805680000000002,7.135150000000001,0.0024559999999999027
15050,0.03838699999999995,10.105680000000003,8.17515,0.028456000000000037
15051,0.08938699999999988,9.88568,7.385150000000001,0.00045600000000001195
15052,0.03138699999999994,9.81568,7.42515,0.0034560000000000146
15094,-0.04814300000000005,8.716320000000003,7.351320000000001,0.047267599999999965
15096,-0.04814300000000005,8.316320000000005,7.341320000000001,0.06726759999999998
15097,0.19216200000000005,19.21571,16.382050000000003,0.21253600000000006
15098,-0.007838000000000012,9.115710000000004,5.082050000000002,-0.05846399999999996
15105,-0.00583800000000001,8.115710000000004,6.082050000000002,0.023536
15107,-0.010837999999999903,9.115710000000004,6.082050000000002,-0.006463999999999914
15108,0.012162000000000006,10.115710000000004,7.782050000000002,0.03153600000000001
15179,-0.008820999999999968,3.33315,3.6633700000000005,0.060435600000000034
15180,-0.028820999999999986,2.6231500000000025,2.7833700000000015,0.05643560000000014
15182,-0.028820999999999986,3.1231500000000025,3.933370000000002,0.08943560000000006
15183,-0.018820999999999977,5.49315,6.133370000000001,0.11743560000000008
15184,-0.048821,4.83315,4.403370000000001,0.07743560000000005
15185,-0.048821,4.0131499999999996,3.503370000000002,0.05743560000000003
15186,-0.048821,4.81315,4.713370000000001,0.08743560000000006
15187,-0.048821,5.2631499999999996,5.2433700000000005,0.09743560000000007
15189,0.01117900000000005,3.9231499999999997,5.323370000000001,0.10743560000000008
15190,-0.018820999999999977,4.65315,5.153370000000001,0.09743560000000007
15191,-0.038820999999999994,4.17315,3.423370000000002,0.04743560000000002
15194,0.01117900000000005,3.9731500000000004,5.393370000000001,0.10743560000000008
15195,-0.008820999999999968,3.453150000000001,3.813370000000001,0.06743560000000004
15196,-0.038820999999999994,3.393150000000002,2.8233700000000006,0.04743560000000002
15832,0.16282600000000003,16.43832,13.98673,0.07779709999999995
15833,0.142826,16.338320000000003,13.88673,0.09779709999999997
15834,0.252826,13.238320000000002,13.48673,0.09779709999999997
15835,0.31282600000000005,17.03832,15.38673,0.08779709999999996
15836,0.30282600000000004,18.838320000000003,16.28673,0.09779709999999997
15837,0.30282600000000004,20.338320000000003,16.88673,0.09779709999999997
15843,0.21282599999999996,13.63832,14.18673,0.1477970999999999
15844,0.262826,15.13832,15.78673,0.17779709999999993
15845,0.29282600000000003,18.73832,17.48673,0.23779709999999998
15846,0.252826,18.73832,16.48673,0.10779709999999998
16106,0.0015540000000000553,8.90036,5.6126000000000005,-0.037971599999999994
16107,0.0015540000000000553,11.50036,7.6126000000000005,-0.037971599999999994
16109,0.03155400000000008,10.600360000000002,8.632600000000002,0.019028400000000056
16140,-0.007784999999999931,6.738349999999997,4.637250000000002,0.002264100000000102
16141,-0.007784999999999931,4.788349999999998,2.3972499999999997,-0.03773589999999993
16142,0.002215000000000078,5.658349999999999,4.2272500000000015,0.002264100000000102
16143,0.002215000000000078,4.77835,3.1472499999999997,-0.007735899999999907
16144,0.002215000000000078,4.77835,3.1472499999999997,-0.007735899999999907
16145,-0.007784999999999931,4.788349999999998,2.327250000000003,-0.03773589999999993
16147,0.002215000000000078,5.18835,3.05725,-0.027735899999999925
16148,-0.007784999999999931,4.798349999999999,2.3472500000000025,-0.03773589999999993
16346,0.012386999999999926,6.505680000000002,6.805150000000001,0.09145599999999998
16355,0.022386999999999935,12.505680000000002,11.50515,0.14145599999999992
16356,0.022386999999999935,12.505680000000002,11.50515,0.14145599999999992
16357,0.07238699999999998,12.005680000000002,11.50515,0.14145599999999992
16358,0.3723869999999999,13.005680000000002,15.50515,0.19145599999999996
16382,-0.057784999999999975,6.388349999999999,2.9472500000000004,-0.027735899999999925
16383,-0.06778499999999998,6.218349999999997,1.8872500000000016,-0.05773589999999995
16384,-0.06778499999999998,5.268349999999998,0.2872500000000002,-0.08973589999999998
16399,-0.012589300000000025,7.345469999999999,6.052990000000001,0.03577780000000008
16400,-0.04258930000000005,7.205470000000002,5.93299,0.0557778000000001
16401,-0.03258930000000004,6.725470000000001,5.722990000000001,0.0557778000000001
16402,-0.08258930000000009,7.165469999999999,5.36299,0.0557778000000001
16403,-0.05125869999999999,6.4666999999999994,5.704930000000001,0.09579910000000003
16487,0.05927900000000008,7.8967600000000004,11.47757,0.26938680000000004
16540,-0.02723500000000012,7.75046,7.6053599999999975,0.08608870000000002
16541,-0.04823500000000003,7.4104600000000005,6.675359999999998,0.0660887
16551,0.022386999999999935,11.65568,8.40515,-0.05854400000000004
16629,0.11544300000000007,6.32394,9.718829999999999,0.14842279999999997
16630,0.10144300000000006,6.123940000000001,9.018829999999998,0.13842279999999996
16650,0.05253400000000008,10.846149999999998,11.288349999999998,0.16681619999999997
16654,0.002215000000000078,7.958349999999999,6.397250000000001,0.04226410000000003
16755,-0.0176130000000001,8.805680000000002,6.405150000000001,0.03145599999999993
16756,-0.007613000000000092,11.805680000000002,9.805150000000001,0.09145599999999998
16761,0.07763999999999993,16.353350000000002,16.680770000000003,0.12271939999999992
16762,0.08826400000000001,8.05084,9.480569999999998,0.12744659999999997
16763,0.20370399999999989,13.32169,14.786100000000001,0.20708840000000006
16861,-0.057613000000000136,8.575680000000002,4.995150000000001,-0.008543999999999996
16893,-0.057613000000000136,7.2156800000000025,2.895150000000001,-0.04854400000000003
17144,0.06851399999999996,9.263110000000001,9.882830000000002,0.10898579999999991
17145,0.06851399999999996,9.363110000000002,10.382830000000002,0.13898579999999994
17146,0.10851399999999989,10.763110000000001,11.882830000000002,0.16898579999999996
17147,0.13851399999999991,12.263110000000001,13.582830000000001,0.2189857999999999
17255,0.01638699999999993,8.205680000000001,7.10515,0.05345599999999995
17258,-0.0036130000000000884,7.605680000000003,5.50515,0.007455999999999907
17259,0.024386999999999937,18.60568,7.805150000000001,0.06645599999999996
17716,-0.028828000000000076,7.57076,4.408440000000002,-0.03592989999999996
17768,0.02883199999999997,13.28245,14.54456,0.23287709999999995
17769,0.08244399999999996,22.99146,21.34637,0.22879779999999994
17770,0.14180099999999995,18.17923,20.27234,0.3519151
17869,0.332387,13.755680000000002,15.38515,0.32545599999999997
17870,0.20238699999999998,12.74568,12.97515,0.16945599999999994
17871,0.14238699999999993,9.235680000000002,11.70515,0.19045599999999996
17872,0.06238699999999997,8.675680000000003,7.09515,-0.009543999999999997
17873,0.04238699999999995,8.705680000000001,6.555150000000001,-0.009543999999999997
17874,0.05238699999999996,8.095680000000002,6.305150000000001,-0.009543999999999997
17875,-0.057613000000000136,6.675680000000003,3.355150000000002,-0.05054400000000003
17886,0.08238699999999999,6.045680000000001,8.65515,0.15445599999999993
17888,-0.0176130000000001,7.945680000000003,2.815149999999999,-0.05454400000000004
17889,-0.03761300000000012,6.935680000000001,1.765150000000002,-0.06854400000000005
17890,-0.057613000000000136,5.83568,3.4451500000000017,0.006455999999999906
18010,-0.1215885000000001,4.4962800000000005,4.447769999999999,0.2022463
18012,-0.11025920000000011,9.80107,9.688480000000002,0.21003019999999994
18013,-0.07761300000000015,11.005680000000002,6.70515,-0.008543999999999996
18064,0.24319900000000005,9.202200000000001,11.37851,0.1828033
18065,0.2174060000000001,19.635419999999996,22.652050000000003,0.3120335000000001
18066,0.011300000000000088,5.734930000000002,5.584589999999999,0.052723500000000034
18068,-0.00869999999999993,6.784930000000003,6.51459,0.06272350000000004
18069,0.031300000000000106,7.0949300000000015,7.744589999999999,0.08272350000000006
18113,0.09931900000000005,13.32357,10.85186,0.014126400000000094
18131,-0.08801000000000014,7.241590000000002,1.9550800000000024,-0.07651640000000004
18133,0.09483520000000001,4.545310000000001,4.38747,0.00031400000000003647
18134,0.08993849999999992,10.15651,8.46425,0.02050989999999997
18136,0.12098799999999998,8.40156,8.894659999999998,0.08722530000000006
18166,0.11662500000000009,14.891109999999998,18.15246,0.4045896
18171,0.013999000000000095,11.477609999999999,10.325389999999999,0.06059910000000002
18172,0.013999000000000095,11.677610000000001,10.92539,0.08059909999999992
18173,-0.02600099999999994,10.87761,8.325389999999999,0.010599099999999972
18174,0.013999000000000095,11.27761,9.42539,0.03059909999999999
18175,0.17600300000000013,10.59808,14.029720000000001,0.46269989999999994
18177,0.10600300000000007,2.998079999999998,6.40972,0.1526999
18191,0.07698099999999997,15.224429999999998,12.501209999999999,0.0384814
18233,0.0014879999999999338,9.901820000000004,5.716439999999999,-0.05369219999999997
18235,0.03148799999999996,8.851820000000004,5.616439999999999,-0.04369219999999996
18358,0.3223218,16.41386,16.14024,0.15182680000000004
18360,0.09738699999999989,16.225680000000004,13.34515,0.08145599999999997
18361,0.332387,20.60568,18.40515,0.32145599999999996
18364,0.20238699999999998,19.70568,17.105150000000002,0.25145599999999996
18365,0.19238699999999997,19.10568,16.50515,0.21145599999999998
18366,0.20238699999999998,20.50568,17.30515,0.25145599999999996
18367,0.21238699999999988,22.20568,18.20515,0.281456
18368,0.18538699999999986,19.06568,16.52515,0.21045599999999998
18456,0.31199,15.421590000000002,16.08508,0.24348359999999997
18457,0.05198999999999998,10.721590000000003,8.085080000000001,-0.006516399999999978
18458,0.30199,20.921590000000002,17.98508,0.2534836
18459,0.13198999999999994,15.521590000000002,12.48508,0.10348360000000001
18548,-0.04830000000000001,9.92342,3.321159999999999,0.08136260000000006
18591,0.032215000000000105,6.708349999999999,4.807250000000002,-0.01973590000000003
18593,-0.007784999999999931,7.038349999999998,3.707250000000002,-0.049735899999999944
18897,0.16680000000000006,11.438210000000002,12.883309999999998,0.1945831
18972,0.045600000000000085,11.082550000000001,12.354080000000002,0.12870480000000006
18973,0.04060000000000008,10.062550000000002,11.31408,0.11470479999999994
18974,0.03160000000000007,9.832550000000001,10.074080000000002,0.07070480000000001
18975,0.035600000000000076,9.992550000000001,10.404080000000002,0.07770479999999991
19092,0.022386999999999935,13.715680000000003,11.305150000000001,0.09145599999999998
19093,-0.06261300000000003,13.445680000000001,9.70515,0.051455999999999946
19094,-0.04161300000000012,13.305680000000002,9.70515,0.051455999999999946
19198,0.011009000000000047,7.177890000000001,7.068549999999998,0.08476320000000004
19202,-0.003775000000000084,16.696040000000004,16.12153,0.1615088
19244,-0.03878499999999985,7.8783499999999975,4.807250000000002,-0.011735900000000021
19291,-0.07923600000000008,2.3797200000000025,-0.20638999999999896,-0.030698899999999973
19342,0.006939600000000046,11.826110000000002,12.053180000000001,0.39010999999999996
19344,-0.11306040000000006,10.526110000000001,7.85318,0.12010999999999994
19346,0.021525999999999934,13.160549999999999,13.2034,0.3717889
19348,-0.06847400000000015,10.260549999999999,7.7034,0.11178889999999997
19349,-0.08847400000000016,9.56055,6.9033999999999995,0.08178890000000005
19455,-0.04820599999999997,15.4158,12.249519999999999,0.013294299999999981
19456,-0.05820599999999998,7.6158,6.049519999999998,0.0342943
19467,-0.03778499999999996,7.8683499999999995,4.847250000000001,-0.007735899999999907
19468,-0.07778499999999999,7.678349999999998,2.247250000000001,-0.08773589999999998
19551,0.00021500000000007624,7.178349999999998,4.8572500000000005,-0.00973590000000002
19552,-0.007784999999999931,7.538349999999998,5.207250000000002,0.002264100000000102
19592,0.10985100000000003,12.987359999999999,16.128130000000002,0.1979033
19594,0.019851000000000063,12.637360000000001,13.728130000000002,0.14690329999999996
19595,-0.010148999999999964,11.62736,11.11813,0.0799032999999999
19616,-0.008010000000000073,7.221590000000003,3.7850800000000007,-0.05451640000000002
19617,-0.008010000000000073,4.121590000000001,1.0850800000000014,-0.06551640000000003
19820,-0.007784999999999931,9.558349999999997,6.507250000000001,-0.007735899999999907
19827,0.3305867,16.26598,17.0024,0.4321154
19829,0.04058670000000009,14.465979999999998,14.6024,0.3321154
19830,0.26058670000000006,15.865979999999999,16.5024,0.4021154
19831,0.02058670000000007,14.165979999999998,14.5024,0.3421154
19832,0.12058670000000005,15.165979999999998,15.1024,0.3221154
19833,0.18244399999999994,18.99146,20.746370000000002,0.2987978
19834,0.1324439999999999,19.99146,21.14637,0.3187978
19835,0.02883199999999997,13.28245,14.54456,0.23287709999999995
19837,0.12883199999999995,13.68245,18.74456,0.3528771
19839,0.1324439999999999,20.891460000000002,21.64637,0.3287978
19841,0.16180099999999997,19.37923,20.572339999999997,0.3219151
19843,0.027392000000000083,11.94256,13.118670000000002,0.16386619999999996
19844,0.06739200000000012,11.742560000000001,17.61867,0.3838662
19858,0.03698999999999997,14.081590000000002,11.665080000000001,0.0914836
19861,0.13698999999999995,14.06159,13.27508,0.14648359999999994
19914,0.274602,12.0003,16.577130000000004,0.21550750000000007
19915,0.38466199999999995,13.29973,18.62511,0.21319050000000006
19916,0.10460199999999997,11.860299999999999,13.547130000000001,0.16550750000000003
19917,0.05460200000000004,10.770299999999999,12.997130000000002,0.19550750000000006
19918,0.20460200000000006,11.9603,16.75713,0.2755075
19919,0.19460200000000005,11.8403,17.12713,0.31550750000000005
19920,0.05460200000000004,8.200299999999999,10.39713,0.21950749999999997
19921,0.039602000000000026,7.970300000000002,10.05713,0.1435075
19928,0.07221500000000014,8.478349999999999,8.51725,0.09126410000000007
19929,0.022215000000000096,7.27835,6.957250000000002,0.07026410000000005
20127,6.000000000017103e-05,8.103659999999998,7.350839999999998,0.05278970000000005
20129,-0.009939999999999838,7.59366,7.890839999999999,0.11278969999999999
20131,-0.018939999999999957,7.813659999999999,8.20084,0.1227897
20132,0.049868000000000134,11.199940000000002,12.994439999999999,0.17442990000000003
20133,0.001060000000000061,8.29366,8.62084,0.1227897
20134,-0.01193999999999984,8.173659999999998,7.640839999999999,0.07278970000000007
20137,0.0040600000000000636,8.32366,9.62084,0.16278970000000004
20347,-0.03920199999999996,7.93967,7.769459999999999,0.07593260000000002
20348,-0.03920199999999996,7.93967,8.06946,0.08793260000000003
20371,0.081488,11.241820000000004,15.116439999999999,0.39630780000000004
20448,0.002215000000000078,8.43835,6.907250000000001,0.03226410000000002
20449,-0.03778499999999996,7.638349999999999,5.1072500000000005,0.0122641
20456,-0.05698500000000006,5.447780000000002,3.874769999999998,0.023006299999999924
20459,-0.07121500000000003,3.3977000000000004,0.01576999999999984,-0.0007619000000000931
20460,-0.07721500000000003,2.8176999999999985,-0.38422999999999874,-0.03076190000000001
20461,-0.039215,3.457699999999999,0.4757700000000007,0.004238099999999911
20462,-0.035214999999999996,4.6777000000000015,1.0057699999999983,0.03823810000000005
20464,-0.05321500000000001,5.447700000000001,3.4957700000000003,0.01423809999999992
20466,-0.06721500000000002,4.517700000000001,2.2457700000000003,-0.0007619000000000931
20467,-0.07121500000000003,3.3977000000000004,1.4057700000000004,-0.0007619000000000931
20468,-0.07721500000000003,2.8176999999999985,0.11577000000000126,-0.03076190000000001
20469,-0.039215,3.457699999999999,1.9657699999999991,0.004238099999999911
20470,-0.035214999999999996,4.6777000000000015,3.6557700000000004,0.03823810000000005
20471,-0.01821499999999987,5.367699999999999,5.17577,0.07523809999999997
20473,-0.05321500000000001,4.357700000000001,1.3657700000000013,0.05023809999999995
20474,-0.058214999999999906,4.457699999999999,2.135769999999999,0.010238099999999917
20475,-0.057215000000000016,4.9277000000000015,1.7157699999999991,0.011238100000000029
20477,-0.0542149999999999,4.747700000000002,1.1457699999999988,-0.0007619000000000931
20478,-0.057215000000000016,4.637699999999999,1.555769999999999,0.01323810000000003
20479,-0.05321500000000001,4.7377,2.1957699999999996,0.006238100000000024
20480,-0.058214999999999906,4.9177,1.6957699999999996,-0.002761900000000095
20481,-0.057215000000000016,4.6677,1.7957699999999992,0.00023809999999990783
20482,-0.05321500000000001,4.997700000000002,2.41577,0.010238099999999917
20483,-0.05121500000000001,5.247700000000002,2.26577,-0.0037618999999999847
20485,-0.057215000000000016,5.1777000000000015,1.8257700000000003,0.0012381000000000197
20506,-0.00828300000000004,8.960720000000002,5.5389,-0.0449948
20507,0.07171700000000003,8.960720000000002,8.0389,0.04500519999999997
20508,0.0017169999999999686,9.660720000000001,6.6389,-0.004994799999999966
20511,-0.00828300000000004,8.76072,5.4389,-0.024994799999999984
20512,-0.03828300000000007,8.160720000000001,4.738899999999999,-0.014994799999999975
20513,-0.00828300000000004,10.160720000000001,7.1389,0.005005200000000043
20514,-0.01828300000000005,10.460720000000002,6.738899999999999,-0.014994799999999975
20515,-0.01828300000000005,10.960720000000002,7.338899999999999,-0.004994799999999966
20516,-0.01828300000000005,9.86072,6.6389,-0.004994799999999966
20726,-0.09030999999999989,6.975769999999997,2.147680000000001,-0.05907969999999996
20730,-0.09030999999999989,8.275769999999998,3.1676800000000007,-0.06207969999999985
20787,0.07238699999999998,9.805680000000002,8.70515,0.04145599999999994
20797,0.16537299999999988,15.113229999999998,16.23133,0.1098519
20828,0.06369200000000008,8.862210000000001,8.45159,0.06840489999999999
20830,0.100692,9.362210000000001,10.251589999999998,0.12840490000000004
20831,0.3036920000000001,13.362210000000001,14.55159,0.16840489999999997
20850,0.045135999999999954,12.838170000000002,14.01048,0.1413118000000001
20870,-0.07888399999999995,4.708970000000001,0.7002500000000005,-0.06649400000000005
20873,-0.07888399999999995,5.288969999999999,1.2902500000000003,-0.04849400000000004
20874,-0.07788400000000006,5.67897,2.000250000000001,-0.032494000000000134
20889,0.04969000000000012,9.67577,7.987680000000001,0.021920300000000004
20890,-0.050309999999999855,8.555769999999999,4.127680000000002,-0.058079699999999956
20891,-0.015309999999999935,8.10577,5.087680000000001,-0.022079699999999924
20910,0.021373000000000086,5.603180000000002,6.535700000000002,0.040985200000000055
20911,0.05137300000000011,7.18318,9.6857,0.15098520000000004
20935,-0.006610000000000005,4.164940000000001,4.508869999999998,0.06232340000000003
21027,0.10821500000000006,7.068349999999999,8.137250000000002,0.07226410000000005
21029,0.012215000000000087,7.038349999999998,4.3472500000000025,-0.03773589999999993
21060,-0.0176130000000001,10.325680000000002,6.67515,-0.021544000000000008
21157,-0.028512000000000093,9.241820000000004,5.296439999999999,-0.04369219999999996
21167,-0.08869900000000008,5.276620000000001,2.726200000000002,0.016723800000000066
21168,-0.06869900000000007,8.006620000000002,5.966200000000002,0.059723799999999994
21191,0.0025340000000000362,7.186149999999998,5.388349999999999,-0.06918380000000002
21192,0.14238699999999993,11.40568,12.20515,0.15145599999999992
21193,0.13238699999999992,10.605680000000003,10.50515,0.08145599999999997
21214,0.012386999999999926,6.90568,5.95515,0.03145599999999993
21316,-0.06251200000000012,7.111820000000002,2.8464399999999976,-0.05669219999999997
21319,-0.07951200000000003,6.821820000000002,1.81644,-0.07869219999999999
21320,-0.07651200000000014,6.261820000000004,1.686440000000001,-0.06669219999999998
21321,-0.07251200000000013,6.391820000000003,1.7564399999999978,-0.07069219999999998
21322,-0.07651200000000014,7.181820000000002,2.1264399999999988,-0.08069219999999999
21345,-0.031843000000000066,1.7864700000000013,2.054759999999998,0.056093200000000065
21347,-0.09184300000000012,6.886469999999999,5.48476,0.06809320000000008
21348,-0.0718430000000001,4.766470000000002,4.21476,0.07209320000000008
21349,-0.041843000000000075,2.676470000000002,2.6547599999999996,0.05409319999999995
21351,-0.08184300000000011,6.996470000000002,5.5747599999999995,0.05909319999999996
21389,0.08610299999999993,11.780279999999998,12.95562,0.14461480000000004
21396,0.22109299999999998,18.196640000000002,16.14937,0.1900231
21397,0.217395,13.36081,15.50918,0.2641566
21399,0.2106800000000001,8.716399999999997,13.025250000000002,0.2683918
21400,0.21094499999999994,4.971860000000003,9.39506,0.2319057
21401,0.32094500000000004,9.451860000000002,13.055060000000001,0.2919057
21521,0.05140100000000003,12.44652,9.666570000000002,0.05663830000000003
21524,0.04061500000000007,10.528690000000001,7.86889,0.05409549999999996
21525,-0.019930000000000003,5.722109999999997,3.2874300000000005,-0.029368599999999967
21526,0.060975,7.18599,5.810269999999999,0.024944900000000048
21541,-0.03588900000000006,10.36213,9.77854,0.09059139999999999
21542,-0.05588900000000008,9.68213,8.70854,0.08059139999999998
21543,-0.05588900000000008,8.79213,7.498539999999998,0.05059139999999995
21544,-0.03588900000000006,10.11213,9.54854,0.08059139999999998
21545,-0.06588900000000009,9.302130000000002,7.48854,0.040591399999999944
21546,-0.02588900000000005,9.942130000000002,9.38854,0.07059139999999997
21567,0.19313999999999998,16.58115,13.638750000000002,0.03882269999999999
21568,0.043139999999999956,11.931149999999999,9.078750000000001,0.01882269999999997
21570,0.17313999999999996,15.841149999999999,14.028750000000002,0.11882269999999995
21571,0.26313999999999993,18.531149999999997,16.76875,0.21882269999999998
21572,0.17313999999999996,17.19115,14.888750000000002,0.11882269999999995
21573,0.07313999999999998,11.32115,9.59875,0.0488227
21574,0.0031399999999999206,9.96115,5.298750000000002,-0.0711773
21575,0.18313999999999997,16.37115,14.598750000000003,0.13882269999999997
21576,0.26313999999999993,20.531149999999997,17.558750000000003,0.2288227
21579,-0.04211930000000008,1.4563799999999993,1.4218700000000002,0.04652119999999993
21581,0.07788069999999991,6.356379999999998,7.85187,0.16652119999999992
21582,0.13788069999999997,7.686379999999998,9.371870000000001,0.19652119999999995
21640,0.205488,14.441820000000003,14.91644,0.24630780000000002
21642,0.025487999999999955,13.741820000000002,11.716439999999999,0.11630780000000007
21643,-0.007511999999999963,14.641820000000003,11.216439999999999,0.06630780000000003
21644,-0.010512000000000077,15.541820000000003,11.01644,0.0063078000000000856
21645,0.06348799999999999,17.04182,15.31644,0.25630780000000003
21646,0.18948799999999988,14.641820000000003,15.01644,0.24630780000000002
21647,0.210488,17.441820000000003,16.51644,0.2963078
21725,0.1522150000000001,17.07835,13.837250000000001,0.052264100000000036
21726,0.11221500000000006,16.278349999999996,13.527250000000002,0.09226410000000007
21727,0.23221500000000006,15.368349999999998,13.617250000000002,0.052264100000000036
21728,0.08221500000000015,10.52835,9.587250000000001,0.062264100000000044
21729,0.012215000000000087,9.518349999999998,6.267250000000001,-0.03773589999999993
21730,0.032215000000000105,8.68835,6.2272500000000015,-0.017735899999999916
21731,0.012215000000000087,8.588349999999998,6.007250000000001,-0.007735899999999907
21732,-0.007784999999999931,8.668349999999997,5.557250000000002,-0.027735899999999925
21735,0.21221500000000004,19.81835,15.21725,-0.017735899999999916
21736,0.21221500000000004,19.74835,14.547250000000002,-0.09773589999999999
21737,0.08221500000000015,17.448349999999998,12.69725,-0.027735899999999925
21738,0.042215000000000114,15.108349999999998,10.747250000000001,-0.027735899999999925
21739,0.032215000000000105,11.908349999999999,8.047250000000002,-0.04773589999999994
21779,-0.07001000000000013,7.657590000000003,4.98508,0.023483599999999938
21816,0.1430530000000001,8.984370000000002,10.41232,0.026765299999999992
22052,0.06238699999999997,9.935680000000001,8.33515,0.026455999999999924
22053,-0.0176130000000001,7.635680000000001,4.895150000000001,-0.010544000000000109
22070,-0.057784999999999975,4.458349999999999,0.5772500000000029,-0.06773589999999996
22071,-0.02778499999999995,4.708349999999999,1.9072500000000012,-0.03773589999999993
22072,-0.02778499999999995,5.448349999999998,2.957250000000002,-0.017735899999999916
22073,-0.02778499999999995,5.6283499999999975,2.7672500000000007,-0.027735899999999925
22074,-0.057784999999999975,4.548349999999999,0.7872500000000002,-0.05773589999999995
22111,0.1093869999999999,11.185680000000001,9.20515,0.0014560000000000128
22112,0.09738699999999989,9.965680000000003,7.575150000000001,-0.03854400000000002
22113,0.1123869999999999,11.705680000000001,9.07515,-0.03854400000000002
22114,0.11938699999999991,11.805680000000002,9.395150000000001,-0.028544000000000014
22115,0.13238699999999992,12.435680000000001,10.33515,0.0014560000000000128
22116,0.025386999999999937,8.435680000000001,6.18515,-0.008543999999999996
22118,0.09938699999999989,10.185680000000001,8.17515,-0.018544000000000005
22120,0.025386999999999937,8.435680000000001,6.18515,-0.008543999999999996
22121,0.023386999999999936,9.075680000000002,6.665150000000001,-0.008543999999999996
22122,0.2423869999999999,10.90568,7.825150000000001,-0.028544000000000014
22181,0.07321500000000014,10.248349999999999,8.467250000000002,0.02226410000000001
22182,0.008215000000000083,8.61835,4.647250000000001,-0.07773589999999997
22183,0.018215000000000092,8.198349999999998,5.2272500000000015,-0.03773589999999993
22184,0.033215000000000106,10.690349999999999,7.927250000000001,0.002264100000000102
22185,0.0282150000000001,9.056349999999998,5.517250000000001,-0.05773589999999995
22186,0.033215000000000106,7.241349999999997,6.02725,0.02226410000000001
22187,0.06221500000000013,8.978349999999999,8.18725,0.062264100000000044
22188,0.022215000000000096,7.768349999999998,5.157250000000001,-0.017735899999999916
22189,0.022215000000000096,7.488349999999997,5.187250000000001,-0.007735899999999907
22192,0.022213999999999956,13.186860000000003,10.55787,0.05469860000000004
22193,0.05221399999999998,18.686860000000003,13.25787,0.014698600000000006
22331,0.025202000000000058,7.936509999999998,10.0364,0.14513739999999997
22332,0.025202000000000058,7.936509999999998,10.0364,0.14513739999999997
22333,0.025202000000000058,7.936509999999998,10.0364,0.14513739999999997
22418,0.06238699999999997,7.40568,5.905150000000001,-0.008543999999999996
22487,-0.04631699999999994,5.958660000000002,9.058400000000002,0.23238349999999997
22489,-0.08631699999999998,6.758659999999999,9.658400000000002,0.2523835
22491,-0.016316999999999915,7.85866,10.258400000000002,0.21238350000000006
22502,0.11451500000000003,10.678439999999998,14.24813,0.314724
22505,-0.07548500000000002,6.228439999999999,3.4881300000000017,-0.015275999999999956
22633,-0.09498000000000006,6.551690000000001,1.5366199999999992,-0.06808219999999998
22634,-0.10098000000000007,7.101690000000001,2.6866200000000013,-0.03608219999999995
22636,-0.07098000000000004,8.221690000000002,6.39662,0.06991780000000003
22679,0.06407600000000002,6.877839999999999,12.735679999999999,0.07218659999999999
22680,-0.00592400000000004,6.277839999999998,6.93568,0.07218659999999999
22681,-0.03592400000000007,3.477839999999997,5.535679999999999,0.032186600000000065
23025,0.21315899999999988,12.027910000000002,18.850099999999998,0.44534360000000006
23026,0.19315899999999997,12.907910000000005,18.8701,0.42534360000000004
23058,-0.02761300000000011,7.915680000000002,4.405149999999999,-0.04854400000000003
23104,-0.05910499999999996,3.57723,3.5110600000000005,0.07304710000000003
23105,-0.05910499999999996,4.027229999999999,2.87106,0.033047099999999996
23106,-0.05910499999999996,4.027229999999999,2.87106,0.033047099999999996
23107,-0.019104999999999928,3.3372300000000017,3.7510600000000025,0.06304710000000002
23108,-0.019104999999999928,3.3372300000000017,3.7510600000000025,0.06304710000000002
23109,-0.019104999999999928,3.497230000000002,4.831060000000001,0.10304709999999995
23139,0.1023869999999999,8.485680000000002,8.59515,0.061455999999999955
23302,-0.09956500000000013,7.203769999999999,4.556880000000001,0.051134800000000036
23303,0.014434999999999976,9.373769999999999,8.486880000000001,0.12113479999999999
23304,0.23743499999999995,11.42377,11.326880000000001,0.10213479999999997
23305,0.26143499999999986,13.00377,13.37688,0.21513479999999996
23307,0.1347520000000001,23.536230000000003,20.24323,0.20431639999999995
23338,0.05221500000000012,7.138349999999999,6.1072500000000005,0.0122641
23340,0.25337699999999996,7.034000000000001,9.8681,0.2667578
23341,0.1883769999999999,4.033999999999999,7.568099999999999,0.17675779999999996
23342,0.19437700000000002,3.1340000000000003,6.9681,0.16375779999999995
23343,0.24037699999999995,2.8339999999999996,7.6681,0.19875779999999998
23355,0.405377,13.334,13.168099999999999,0.3437578
23356,0.12537699999999996,7.934000000000001,10.9681,0.3387578
23357,0.1853769999999999,5.634,10.0681,0.3087578
23359,0.285377,10.134,11.9681,0.3387578
23526,0.12715700000000008,7.41647,10.21476,0.16309320000000005
23646,0.2995052,9.35202,8.989729999999998,0.06508250000000004
23647,0.2895052,8.90202,8.369729999999999,0.055082500000000034
23679,0.054643,4.84188,10.898890000000002,0.2975966
23680,0.0025079999999999547,4.282170000000004,4.037049999999999,0.005777199999999927
23681,0.035414999999999974,5.395870000000002,2.4469600000000007,-0.045522300000000016
23682,0.03423899999999991,2.141490000000001,-0.847900000000001,-0.09972800000000004
23685,0.11048000000000002,13.32834,5.893020000000002,-0.06188970000000005
24010,-0.10612900000000014,5.761879999999998,0.8259000000000007,-0.07200939999999989
24011,-0.08095200000000013,9.71708,5.0513200000000005,-0.027748099999999942
24012,-0.08095200000000013,9.22708,3.9613200000000006,-0.05574809999999997
24013,-0.06095200000000012,9.05708,4.441320000000001,-0.04474809999999996
24126,0.07238699999999998,8.38568,7.70515,0.04145599999999994
24127,0.022386999999999935,7.4756800000000005,8.40515,0.1314559999999999
24128,0.0063869999999999205,6.665680000000002,6.60515,0.08145599999999997
24129,0.002386999999999917,6.265680000000003,5.50515,0.04145599999999994
24209,-0.07623600000000019,11.673869999999997,8.162320000000001,0.03040010000000004
24285,0.05906000000000011,8.22617,10.707510000000001,0.13264829999999994
24368,0.03420500000000004,1.1225800000000028,3.5851100000000002,0.11778159999999993
24369,0.021560000000000024,9.41901,6.7472400000000015,-0.011720999999999981
24370,-0.06844000000000006,10.609010000000001,8.86724,0.06827899999999998
24371,-0.06844000000000006,10.609010000000001,5.417240000000001,-0.04172100000000001
24372,-0.09844000000000008,8.70901,3.517240000000001,-0.061721000000000026
24388,0.2219899999999999,13.32159,13.585080000000001,0.14348359999999993
24389,0.15112800000000004,11.10161,13.13899,0.15830339999999998
24390,0.13112800000000002,8.30161,11.03899,0.12830339999999996
24391,0.24346899999999994,12.975609999999996,8.44803,-0.03491660000000002
24465,-0.05436799999999997,8.184450000000002,10.25235,0.19939050000000003
24582,-0.057613000000000136,7.33568,3.3851499999999994,-0.040544000000000024
24588,-0.057613000000000136,7.33568,3.3851499999999994,-0.040544000000000024
24704,-0.0176130000000001,6.605680000000003,3.405149999999999,-0.03854400000000002
24705,-0.02761300000000011,7.205680000000001,3.2051499999999997,-0.06854400000000005
24706,-0.04761300000000013,7.605680000000003,2.905149999999999,-0.07854400000000006
24707,-0.03761300000000012,7.505680000000002,4.305150000000001,-0.018544000000000005
24709,-0.04761300000000013,6.205680000000001,2.805150000000001,-0.028544000000000014
24710,-0.057613000000000136,6.105680000000003,2.605150000000002,-0.03854400000000002
24713,-0.02761300000000011,6.505680000000002,2.805150000000001,-0.05854400000000004
24714,-0.02761300000000011,6.605680000000003,2.605150000000002,-0.06854400000000005
24717,-0.057613000000000136,6.205680000000001,1.8051500000000011,-0.06854400000000005
24969,-0.03778499999999996,8.588349999999998,6.917250000000001,0.062264100000000044
24986,0.0018689999999998985,12.554590000000005,16.652449999999998,-0.04840769999999994
24988,0.0018689999999998985,17.154590000000006,16.652449999999998,-0.2384077
24990,0.06186899999999995,16.954590000000003,16.652449999999998,-0.17840769999999995
25161,0.12238699999999991,8.90568,9.50515,0.10145599999999999
25162,0.12238699999999991,8.705680000000001,8.50515,0.051455999999999946
25230,0.1285139999999999,8.763110000000001,10.682830000000001,0.13898579999999994
25232,0.14851399999999992,10.083110000000001,11.552830000000002,0.15898579999999995
25234,0.21851399999999988,6.833110000000001,12.242830000000001,0.2089858
25291,0.08121500000000015,7.538349999999998,7.807250000000002,0.06426410000000005
25300,-0.02778499999999995,5.338349999999998,3.1072500000000005,-0.007735899999999907
25301,0.002215000000000078,4.93835,3.6072500000000005,0.002264100000000102
25340,-0.03940300000000008,7.961499999999997,2.869440000000001,-0.08285969999999998
25341,-0.04665800000000009,7.937749999999998,2.4916199999999975,-0.08980929999999998
25342,-0.05906300000000009,2.6450500000000012,-0.26829000000000036,-0.047492700000000054
25345,-0.04665800000000009,8.037749999999999,2.8916199999999996,-0.07980929999999997
25346,-0.04906300000000008,2.6450500000000012,0.03171000000000035,-0.04049270000000005
25673,0.012386999999999926,5.635680000000001,5.395150000000001,0.051455999999999946
25675,0.21238699999999988,6.24568,9.26515,0.08145599999999997
25844,0.04167900000000002,7.97982,6.31747,0.0030944000000000527
25845,0.04167900000000002,8.11982,6.617470000000001,0.01309439999999995
26269,-0.116317,3.4060699999999997,3.3550499999999985,0.10665259999999999
26523,-0.06761600000000012,5.902649999999998,5.4033999999999995,-0.0815285
26524,-0.028615999999999975,6.902649999999998,7.4033999999999995,-0.05852849999999998
26633,0.018588999999999967,5.07254,5.478440000000001,0.05888559999999998
26690,0.05171700000000001,12.760720000000001,11.1389,0.10500520000000002
26691,0.011716999999999977,9.460720000000002,7.1389,0.01500519999999994
26950,0.053247000000000044,9.938460000000003,8.566270000000001,0.043883899999999976
26951,0.053247000000000044,8.23846,6.906270000000001,0.01688389999999995
27118,0.05795400000000006,12.4236,11.40202,0.08247870000000002
27119,0.040954000000000046,10.823599999999999,9.90202,0.0644787
27123,0.03595400000000004,12.823599999999999,11.60202,0.08747870000000002
27124,0.250954,17.0236,18.202019999999997,0.29947870000000004
27125,0.18795400000000007,17.5236,16.90202,0.1994787
27126,0.15595400000000004,13.823599999999999,14.00202,0.12747870000000006
27416,-0.05053750000000001,9.217019999999998,9.115,0.19051200000000001
27419,-0.06053750000000002,12.49702,11.614999999999998,0.25051199999999996
27464,-0.01746599999999998,10.74615,14.488349999999999,-0.029183799999999982
27595,0.1371920000000001,10.53248,13.36488,0.13369889999999995
27597,-0.0008079999999999199,10.33248,10.16488,0.09369890000000003
27603,-0.03860299999999994,9.542840000000002,10.793209999999998,0.07798479999999997
27634,0.1023869999999999,9.805680000000002,10.43515,0.12145600000000001
27743,0.011622000000000021,11.533819999999999,9.198,0.04237089999999999
27852,0.0040959999999998775,12.546420000000001,11.007249999999999,0.03168329999999997
27853,0.1410959999999999,17.236420000000003,19.60725,0.24968329999999994
27854,0.04809599999999992,14.876420000000003,17.06725,0.22668329999999992
27855,0.03709599999999991,14.986420000000003,13.78725,0.0636833
27856,0.3960959999999999,26.06642,25.76725,0.40668329999999997
27859,0.0280959999999999,13.296420000000001,12.46725,0.0636833
27972,0.111819,8.658890000000003,7.493590000000001,-0.015581199999999962
27973,0.16181900000000005,8.258890000000005,9.69359,0.09041880000000002
27974,0.20181900000000008,8.558890000000005,10.09359,0.07641880000000001
27975,0.251819,8.658890000000003,12.39359,0.17541879999999999
27976,0.15181900000000004,6.358890000000002,9.493590000000001,0.13941879999999995
28007,0.07526500000000003,16.374029999999998,16.71821,0.1947512
28169,-0.028890000000000082,9.697580000000002,5.782359999999999,-0.02685650000000006
28170,-0.05335040000000002,8.755619999999999,6.8767499999999995,0.0871132
28172,-0.036420100000000066,2.4810499999999998,3.4665,0.12689820000000007
28252,-0.04693000000000014,4.508210000000002,3.362689999999997,0.03192879999999987
28253,-0.09692999999999996,3.1882100000000015,0.5226899999999972,-0.019071200000000066
28255,-0.02693000000000012,4.778210000000001,5.202689999999999,0.08392879999999991
28256,-0.08693000000000017,3.6182100000000013,1.1726899999999993,-0.005071199999999942
28258,-0.06693000000000016,4.218210000000003,3.072689999999998,0.037928799999999985
28259,-0.07993000000000006,4.008210000000002,2.482689999999998,0.028928799999999977
28260,-0.09193000000000007,3.7182100000000027,1.6426899999999982,0.013928799999999963
28261,-0.10892999999999997,3.6182100000000013,1.3326899999999995,0.016928799999999855
28262,-0.09193000000000007,4.5582100000000025,3.47269,0.05892879999999989
28263,-0.09193000000000007,3.7182100000000027,1.8926899999999982,0.023928799999999972
28266,-0.10492999999999997,3.5382099999999994,1.5326899999999988,0.023928799999999972
28267,-0.07693000000000016,1.918210000000002,0.6226899999999986,0.02092879999999997
28328,-0.07443330000000004,9.54541,7.7227000000000015,0.0760615
28366,0.05219799999999997,12.465019999999999,14.2075,0.2562481
28371,-0.007802000000000087,7.665019999999998,6.307499999999997,0.026248099999999996
28407,0.328562,7.387880000000003,13.161090000000002,0.2103661
28408,0.15856199999999998,9.387880000000003,11.161090000000002,0.11036610000000002
28409,0.15856199999999998,4.587880000000002,8.36109,0.10036610000000001
28430,0.386035,24.1057,19.7985,0.43620519999999996
28432,-0.04996500000000004,25.105700000000002,19.198500000000003,0.19620519999999997
28464,-0.07778499999999999,7.708349999999999,3.297250000000002,-0.04773589999999994
28465,-0.1177849999999998,6.668349999999997,2.1572500000000012,-0.027735899999999925
28466,0.06221500000000013,7.50835,5.297250000000002,-0.04773589999999994
28467,0.12221500000000007,11.398349999999997,9.127250000000002,-0.027735899999999925
28480,-0.02761300000000011,11.215680000000003,8.78515,0.061455999999999955
28483,-0.02761300000000011,12.38568,9.57515,0.061455999999999955
28484,-0.02761300000000011,12.705680000000001,10.25515,0.09145599999999998
28485,-0.0176130000000001,12.99568,10.645150000000001,0.10145599999999999
28486,-0.03761300000000012,12.445680000000003,10.69515,0.1314559999999999
28487,-0.03761300000000012,12.705680000000001,11.135150000000001,0.15145599999999992
28488,-0.02761300000000011,11.985680000000002,10.59515,0.14145599999999992
28489,-0.02761300000000011,12.47568,10.76515,0.1314559999999999
28491,-0.007613000000000092,13.835680000000002,11.555150000000001,0.12145600000000001
28580,0.022698000000000107,6.32047,4.49981,-0.009882699999999911
28619,0.06166500000000008,7.000340000000005,4.7813,-0.05467719999999998
28804,0.16148799999999996,13.831820000000002,11.32644,-0.013692199999999932
28812,0.09340499999999985,13.18732,16.02722,0.39421990000000007
28943,0.023422000000000054,11.055780000000002,7.925729999999998,-0.01492529999999992
29091,-0.028960399999999886,6.796849999999999,6.732919999999998,0.09652229999999995
29221,0.12604000000000004,10.966709999999999,14.504560000000001,0.16966769999999998
29224,0.0640400000000001,10.056709999999999,11.014560000000001,0.07966770000000001
29225,0.04604000000000008,9.88671,10.904560000000002,0.08966770000000002
29226,0.03404000000000007,9.576709999999999,9.674560000000003,0.05966769999999999
29227,0.0040400000000000436,9.38671,9.184560000000001,0.0696677
29228,-0.016959999999999864,9.08671,8.45456,0.029667699999999964
29258,0.02986600000000006,4.273130000000002,9.69,0.29012399999999994
29268,0.04238699999999995,10.105680000000003,10.60515,0.16145599999999993
29271,0.012386999999999926,4.805680000000002,3.605150000000002,0.0014560000000000128
29446,-0.10761299999999996,6.005680000000002,1.1051500000000019,-0.08154400000000006
29447,-0.007613000000000092,6.385680000000001,2.925150000000002,-0.06354400000000004
29449,0.012386999999999926,11.945680000000003,10.70515,0.1244559999999999
29561,0.04552999999999996,7.5567500000000045,13.634519999999998,0.31762270000000004
29562,0.03452999999999995,7.276750000000003,12.734519999999998,0.2876227
29564,0.04852999999999996,8.116750000000003,13.43452,0.2936227
29657,0.012386999999999926,7.90568,4.805150000000001,-0.04854400000000003
29870,-0.008323999999999998,11.631520000000002,8.739959999999998,0.031119999999999925
29872,0.07167600000000007,13.051520000000004,13.899959999999998,0.21611999999999998
30368,0.209387,25.395680000000002,18.66515,0.06345599999999996
30417,-0.08461300000000005,10.40568,6.60515,0.02145599999999992
30418,-0.06061300000000003,10.40568,9.805150000000001,0.16145599999999993
30419,-0.08461300000000005,10.40568,6.60515,0.02145599999999992
30420,-0.034613000000000005,10.605680000000003,8.10515,0.051455999999999946
30456,-0.08961300000000016,6.685680000000001,0.9951499999999989,-0.09454399999999996
30725,0.012386999999999926,12.017680000000002,9.28515,0.04345599999999994
31082,0.14207599999999998,9.5613,9.501460000000002,0.0569056
31083,0.13207599999999997,10.8613,10.571460000000002,0.08290560000000002
31084,0.12207599999999996,9.0613,8.401460000000002,0.02290559999999997
31085,0.13207599999999997,10.0613,9.801460000000002,0.0629056
31087,0.12207599999999996,8.8613,8.001460000000002,0.007905599999999957
31088,0.05148799999999998,7.941820000000003,7.41644,0.050307800000000125
31089,0.08425400000000005,16.183300000000003,12.77204,0.023824899999999927
31090,0.09248000000000012,9.53737,9.05409,0.046650699999999934
31185,-0.08148600000000017,2.843110000000003,3.002830000000003,0.03698579999999996
31186,-0.09148600000000018,4.563110000000002,3.2828300000000006,0.05498579999999986
31187,-0.08148600000000017,3.263110000000001,2.102830000000001,0.05098579999999997
31188,-0.07148600000000016,5.663110000000003,4.782830000000001,0.06798579999999999
31323,0.132343,8.12414,10.47445,0.12442659999999994
31324,0.11234299999999997,8.114140000000003,9.844449999999998,0.10442659999999993
31325,0.17143699999999995,13.098460000000001,13.002490000000002,0.06453720000000007
31351,0.0019620000000000193,6.847160000000002,9.576139999999999,0.22261769999999992
31355,-0.00803799999999999,6.847160000000002,7.576139999999999,0.12961769999999995
31356,0.0019620000000000193,6.847160000000002,6.776139999999998,0.0776176999999999
31357,-0.048038000000000025,6.7471600000000045,5.076139999999999,0.03161769999999997
31363,0.0019620000000000193,6.447160000000004,9.47614,0.22661769999999992
31364,-0.028038000000000007,5.947160000000004,8.176139999999998,0.18561769999999989
31407,0.15521700000000005,15.765749999999999,14.45087,0.11632389999999992
31408,-0.03884500000000002,9.70569,5.656550000000001,-0.01597470000000001
31425,0.012799000000000005,18.499760000000002,14.604320000000001,0.09750270000000005
31426,0.04279900000000003,16.959760000000003,17.80432,0.3535027
31635,0.168883,13.44771,12.76669,0.054355699999999896
31652,-0.022696999999999967,11.405810000000002,10.283259999999999,0.08543459999999992
31653,0.01730300000000007,17.30581,18.78326,0.3514346
31654,-0.042696999999999985,10.50581,8.18326,0.03043459999999998
31655,-0.022696999999999967,15.605810000000002,14.38326,0.13943459999999996
31676,-0.06721500000000002,4.783239999999999,2.6498100000000004,0.011713700000000049
31677,-0.057215000000000016,7.273240000000001,4.9798100000000005,0.028713700000000064
31678,-0.01721499999999998,8.483240000000002,6.0298099999999994,0.016713700000000054
32154,0.04276499999999994,6.50046,9.975359999999998,0.1760887
32156,0.09238699999999989,11.605680000000003,9.805150000000001,0.03045600000000004
32165,0.12253400000000003,8.26615,9.388349999999999,0.035816199999999965
32263,0.06221500000000013,10.948349999999998,9.797250000000002,0.07226410000000005
32940,0.11199999999999999,14.975249999999999,16.24622,0.13741589999999992
32948,0.062000000000000055,17.54525,20.58622,0.35141589999999995
32949,0.132,19.23525,23.24622,0.46541589999999994
32951,0.252,22.16525,25.24622,0.5394159
32991,0.14381300000000008,9.119610000000002,11.65634,0.22019530000000015
32992,0.12339200000000006,16.77862,10.938329999999999,-0.02944000000000002
33273,0.11560000000000004,11.71255,14.30408,0.16170479999999998
33274,0.0068749999999999645,14.584729999999997,12.00308,0.004812700000000003
33457,0.32095000000000007,25.99737,21.9771,0.4454893
33458,-0.03905000000000003,9.58737,10.517100000000001,0.16748929999999995
33459,0.15560000000000007,26.92255,23.18408,0.33570479999999997
33460,0.015600000000000058,12.98255,13.114080000000001,0.12570480000000006
33462,0.04682900000000001,11.92691,12.33834,0.11857720000000005
33465,0.10321500000000006,24.668349999999997,12.907250000000001,-0.2267359
33466,-0.007784999999999931,7.768349999999998,-1.672749999999997,-0.29073589999999994
33772,-0.087785,6.228349999999999,0.8872500000000016,-0.08773589999999998
33773,-0.1077849999999998,6.538349999999998,1.7572500000000026,-0.04773589999999994
33774,0.1622150000000001,6.838349999999998,8.10725,0.10226410000000008
33775,0.1622150000000001,6.638349999999999,8.50725,0.062264100000000044
33776,0.08221500000000015,7.738349999999997,9.00725,0.18226410000000004
33777,0.042215000000000114,8.138349999999999,10.50725,0.20226410000000006
33778,0.042215000000000114,7.93835,10.00725,0.18226410000000004
33782,0.05221500000000012,11.138349999999999,13.50725,0.2822641000000001
33783,0.022215000000000096,12.638349999999999,14.307250000000002,0.2922641
33784,0.012215000000000087,13.838349999999998,15.00725,0.2922641
33786,-0.07778499999999999,11.988349999999997,9.837250000000001,0.03226410000000002
33787,-0.1077849999999998,13.248349999999999,15.92725,0.38226410000000005
33808,0.17521500000000012,9.108349999999998,10.667250000000001,0.11226410000000009
33989,0.002215000000000078,6.838349999999998,3.707250000000002,-0.04773589999999994
33990,0.002215000000000078,6.238349999999997,3.4072500000000012,-0.03773589999999993
33991,-0.02778499999999995,6.238349999999997,2.5072500000000026,-0.06773589999999996
33992,-0.047784999999999966,6.238349999999997,1.8072499999999998,-0.07773589999999997
33993,0.002215000000000078,6.93835,3.9072500000000012,-0.03773589999999993
33994,-0.007784999999999931,6.038349999999998,3.6072500000000005,-0.017735899999999916
33996,0.022215000000000096,6.93835,5.007250000000001,-0.007735899999999907
33998,0.032215000000000105,8.038349999999998,7.307250000000002,0.052264100000000036
33999,0.012215000000000087,8.398349999999997,5.257250000000001,-0.04173590000000005
34293,-0.04323600000000005,3.6519399999999997,4.172889999999999,0.08703440000000007
34335,-0.011486000000000107,8.833110000000001,7.582830000000001,0.045985799999999966
34336,-0.10148600000000019,3.9931100000000015,1.7828300000000006,0.01898579999999994
34337,-0.041486000000000134,1.9431100000000008,0.9828299999999999,0.010985799999999935
34338,-0.08148600000000017,4.313110000000002,1.382830000000002,-0.03201419999999999
34339,-0.07148600000000016,3.913110000000003,4.982830000000002,0.13898579999999994
34341,-0.05148600000000014,3.353110000000001,4.982830000000002,0.13898579999999994
34456,0.06221500000000013,7.34835,8.787250000000002,0.1232641000000001
34794,-0.01833499999999999,6.240340000000003,3.4712999999999994,-0.02867720000000007
34797,0.0016650000000000276,6.130340000000004,4.491300000000001,0.008322799999999964
35040,0.1522150000000001,14.098349999999998,12.407250000000001,0.06426410000000005
35065,-0.06858900000000001,6.762549999999997,3.3993900000000004,-0.018535100000000027
35066,-0.06801500000000016,6.057960000000001,4.529999999999999,0.05212749999999999
35067,-0.04858899999999999,5.742549999999998,2.6493900000000004,-0.021535099999999918
35068,-0.053015000000000034,5.657960000000003,3.7699999999999996,0.032127499999999976
35157,-0.030088000000000115,8.51249,6.87125,0.027618799999999943
35158,-0.00730199999999992,4.58023,3.8485299999999985,0.045556199999999936
35159,-0.030088000000000115,9.152489999999997,8.24125,0.06761879999999998
35160,-0.00730199999999992,5.000230000000002,4.3085299999999975,0.055556199999999945
35170,0.16198999999999997,15.621590000000001,13.585080000000001,0.0984836
35173,-0.01519399999999993,6.253820000000001,3.0311700000000013,-0.06198350000000008
35174,-0.008010000000000073,9.621590000000001,4.785080000000001,-0.09451639999999994
35175,0.001068000000000069,6.827349999999999,3.19792,-0.08850889999999989
35176,0.021989999999999954,10.721590000000003,6.48508,-0.08351640000000005
35179,0.021230000000000082,12.234470000000002,8.585130000000001,-0.014131900000000086
35180,0.15198999999999996,15.421590000000002,11.98508,-0.025516400000000106
35191,-0.07578499999999999,7.84835,4.757250000000001,0.013264100000000001
35192,-0.06378499999999998,7.928349999999998,4.787250000000002,0.004264100000000104
35317,0.10342200000000001,11.505780000000001,9.60573,0.005074700000000099
35343,-0.09761300000000017,6.305680000000002,1.905149999999999,-0.06054400000000004
35451,0.06456200000000001,7.5484100000000005,8.9207,0.10024309999999992
35452,-0.08243800000000001,7.38841,5.790700000000001,0.060243099999999994
35453,0.3325340000000001,18.74615,16.288349999999998,0.09081620000000001
35465,-0.04866900000000007,10.021269999999998,8.14544,0.06786820000000005
35469,-0.04866900000000007,10.15127,7.815440000000001,0.04786820000000003
35473,-0.04866900000000007,10.161269999999998,7.57544,0.034868200000000016
35477,-0.04866900000000007,10.271269999999998,7.4854400000000005,0.024868200000000007
35516,0.18238699999999997,6.56568,8.36515,0.051455999999999946
35517,-0.008193000000000117,5.365660000000002,5.657000000000002,0.08552360000000003
35664,-0.03761300000000012,7.445680000000003,5.17515,0.0014560000000000128
35756,0.04238699999999995,11.505680000000002,14.305150000000001,0.32145599999999996
35758,-0.009633000000000003,9.370070000000002,6.40405,0.07408400000000004
35849,0.002215000000000078,7.25835,4.017250000000001,-0.05273589999999995
35858,0.18359000000000003,15.457450000000001,15.389019999999999,0.13918299999999995
35860,0.053590000000000027,11.557450000000003,8.77902,-0.010816999999999966
35861,0.07359000000000004,13.757450000000002,10.789019999999999,-0.0008170000000000677
35862,0.11358999999999997,14.65745,11.879019999999999,0.009182999999999941
35863,0.11358999999999997,15.057450000000003,11.619019999999999,-0.030816999999999983
35905,-0.010262999999999911,6.518529999999998,3.9046699999999994,-0.02040580000000003
35984,-0.07778499999999999,6.1183499999999995,2.12725,-0.05773589999999995
36100,0.19340499999999994,7.68732,11.22722,0.16421990000000009
36300,0.041870000000000074,8.20758,6.421039999999998,0.00414060000000005
36302,0.011870000000000047,7.20758,3.621039999999997,-0.07585940000000002
36303,0.0018700000000000383,7.20758,2.5210399999999993,-0.11585940000000006
36304,0.06187000000000009,7.107580000000002,5.321039999999998,-0.025859399999999977
36305,0.011870000000000047,7.007580000000001,3.121039999999997,-0.09585940000000004
36306,0.11187000000000002,11.00758,10.621039999999999,0.09414060000000002
36307,0.13187000000000004,8.807580000000002,10.52104,0.14414059999999995
36308,0.12187000000000003,8.607580000000002,10.52104,0.15414059999999996
36309,0.10187000000000002,8.607580000000002,8.321039999999998,0.044140599999999974
36310,0.10187000000000002,8.40758,5.821039999999998,-0.08585940000000003
36311,0.0718700000000001,8.307580000000002,7.521039999999999,0.034140599999999965
36386,0.226387,14.405680000000002,14.945150000000002,0.21345599999999998
36387,0.2543869999999999,8.205680000000001,13.875150000000001,0.275456
36466,0.0914879999999999,9.141820000000003,7.31644,-0.013692199999999932
36564,0.12387999999999999,4.7515399999999985,7.372200000000001,0.10025010000000001
36565,-0.02778499999999995,11.388349999999999,7.587250000000001,-0.007735899999999907
36566,-0.01778499999999994,11.518349999999998,7.987250000000001,0.002264100000000102
36567,-0.02778499999999995,11.568349999999999,8.26725,0.02226410000000001
36568,0.012215000000000087,10.86835,7.887250000000002,0.002264100000000102
36626,-0.03761300000000012,8.605680000000003,6.405150000000001,0.038455999999999935
36638,0.12253400000000003,8.546149999999997,9.088349999999998,0.06081619999999999
36753,-0.04799700000000007,10.812470000000005,6.864879999999999,-0.00011470000000002312
36754,-0.04999700000000007,10.602470000000004,5.744879999999998,-0.04211469999999995
36755,-0.07199700000000009,8.092470000000002,2.3648799999999994,-0.08211469999999987
36756,-0.06099699999999997,8.752470000000002,3.6548799999999986,-0.061114699999999966
36757,-0.058996999999999966,9.432470000000002,3.964880000000001,-0.07211469999999987
37054,-0.059414999999999996,5.895590000000002,5.151009999999999,0.05871729999999997
37055,-0.059414999999999996,6.345590000000001,5.961010000000002,0.07871729999999999
37056,-0.04941499999999999,6.575590000000002,5.841010000000001,0.05871729999999997
37058,-0.01941499999999996,6.67559,6.38101,0.05871729999999997
37060,0.020585000000000075,5.575590000000002,6.401009999999999,0.06871729999999998
37061,0.10058500000000004,6.735590000000002,8.07101,0.04871729999999996
37062,-0.03941499999999998,5.97559,5.761009999999999,0.06871729999999998
37063,-0.02941499999999997,6.49559,6.97101,0.09871730000000001
37064,-0.03941499999999998,6.90559,6.27101,0.05871729999999997
37065,-0.009414999999999951,5.665590000000002,5.321010000000001,0.038717299999999955
37066,-0.02941499999999997,6.805590000000002,6.331009999999999,0.05871729999999997
37067,0.0005850000000000577,6.795590000000001,7.62101,0.09871730000000001
37068,0.010585000000000067,6.1255900000000025,6.431010000000001,0.05871729999999997
37069,-0.01941499999999996,6.67559,6.81101,0.07871729999999999
37070,0.0005850000000000577,6.205590000000001,5.901009999999999,0.038717299999999955
37071,-0.02941499999999997,6.165590000000002,5.61101,0.04871729999999996
37072,0.0005850000000000577,6.3755900000000025,6.46101,0.05871729999999997
37073,-0.04941499999999999,6.72559,6.61101,0.0887173
37075,0.010585000000000067,6.345590000000001,6.171009999999999,0.038717299999999955
37077,-0.02941499999999997,6.42559,6.47101,0.07871729999999999
37078,0.010585000000000067,6.035590000000003,6.151009999999999,0.04871729999999996
37079,-0.08941500000000002,6.345590000000001,4.11101,0.018717299999999937
37080,-0.069415,5.575590000000002,4.741009999999999,0.05871729999999997
37081,-0.04941499999999999,6.6355900000000005,5.671009999999999,0.04871729999999996
37082,-0.059414999999999996,5.67559,4.97101,0.05871729999999997
37083,-0.03941499999999998,6.49559,5.491009999999999,0.038717299999999955
37084,-0.01941499999999996,5.575590000000002,5.761009999999999,0.06871729999999998
37085,-0.04941499999999999,5.6355900000000005,4.871009999999998,0.04871729999999996
37087,-0.02941499999999997,6.395590000000002,5.36101,0.028717299999999946
37088,-0.069415,5.825590000000002,4.461010000000002,0.038717299999999955
37089,-0.009414999999999951,5.5055900000000015,5.641010000000001,0.05871729999999997
37090,-0.059414999999999996,6.24559,4.97101,0.038717299999999955
37091,0.0005850000000000577,5.6255900000000025,6.11101,0.06871729999999998
37092,-0.02941499999999997,5.845590000000001,4.901009999999999,0.028717299999999946
37093,-0.07941500000000001,5.715590000000002,4.931010000000001,0.06871729999999998
37096,-0.069415,5.765590000000003,4.88101,0.05871729999999997
37097,-0.02941499999999997,5.855590000000003,5.13101,0.038717299999999955
37100,-0.059414999999999996,5.765590000000003,5.04101,0.05871729999999997
37102,-0.07941500000000001,5.665590000000002,4.81101,0.06871729999999998
37214,-0.001742999999999828,16.061200000000003,14.73947,0.2246475
37328,-0.02761300000000011,7.425680000000003,5.37515,0.024455999999999922
37408,-0.03474299999999997,3.5769599999999997,0.7340900000000019,-0.024622699999999997
37600,0.4155380000000001,16.160790000000002,18.21133,0.4152191
37601,0.355538,15.06079,17.611330000000002,0.3952191
37726,0.12238699999999991,12.805680000000002,10.90515,0.03145599999999993
37727,0.1023869999999999,9.40568,8.52515,0.03145599999999993
37789,0.06000899999999998,14.831130000000002,13.666080000000001,0.0684248999999999
37790,0.09558299999999997,18.63033,17.14777,0.1667229
37890,-0.10817800000000011,4.8942400000000035,3.090160000000001,0.04883590000000004
37898,-0.08817800000000009,5.374240000000004,4.100159999999999,0.05883590000000005
37973,0.1333209999999999,1.439070000000001,4.57621,0.05661309999999997
38487,-0.04363600000000001,8.26624,7.2173099999999994,0.06105130000000003
38488,-0.02363599999999999,9.566239999999997,9.317309999999999,0.10405130000000007
38489,0.006364000000000036,12.066239999999997,14.017309999999998,0.2590513000000001
38778,0.030312000000000117,12.867569999999999,14.250419999999998,0.24931179999999997
38780,0.05867700000000009,10.88559,11.42638,0.16388749999999996
38782,0.0014369999999999106,7.298460000000002,8.812490000000002,0.14453720000000003
38810,0.07156600000000013,7.39648,9.906,0.1392371
38812,0.07556600000000013,7.606480000000001,9.386000000000001,0.11323710000000009
38826,0.150764,9.409720000000002,11.58361,0.2693011
38827,0.07876399999999995,6.169720000000002,7.94361,0.15530109999999997
38828,0.155764,10.349720000000001,10.92361,0.1773011000000001
38829,0.155764,10.549720000000002,11.08361,0.1883011
38831,0.3477640000000001,17.16972,15.81361,0.4363011000000001
38832,0.127764,4.56972,6.69361,0.10030110000000003
38833,-0.06923600000000008,1.989720000000002,1.7036100000000012,0.057301099999999994
38834,-0.059236000000000066,4.3797200000000025,3.93361,0.07730110000000001
38836,-0.06923600000000008,1.74972,-0.04638999999999882,-0.009698899999999955
39141,0.0014879999999999338,6.141820000000003,3.2164399999999986,-0.05369219999999997
39161,0.16622499999999996,19.096040000000002,19.52153,0.19850879999999993
39163,0.15622499999999995,14.906040000000004,16.921529999999997,0.17450880000000002
39222,0.05221500000000012,7.708349999999999,12.547250000000002,0.31226410000000004
39223,0.042215000000000114,7.418349999999997,11.797250000000002,0.2822641000000001
39350,-0.09102100000000002,7.105720000000005,2.0325399999999973,-0.06192249999999999
39392,0.04981499999999994,5.8782299999999985,7.045549999999999,0.11202750000000006
39393,0.08981499999999987,5.3782299999999985,6.525549999999999,0.07202750000000002
39433,-0.0608820000000001,5.511850000000003,3.8847200000000015,-0.0019947999999999633
39700,0.06253400000000009,11.146149999999999,8.488349999999999,0.0008162000000000447
39701,0.05253400000000008,10.44615,8.388349999999999,0.06081619999999999
39703,0.11253400000000002,11.346149999999998,9.088349999999998,0.010816199999999943
39887,-0.103707,1.330490000000001,-1.2855799999999995,-0.01874140000000002
39888,-0.060707000000000066,2.4504899999999985,1.4044199999999982,0.02425860000000002
39889,-0.06570699999999996,1.590489999999999,0.01442000000000121,-0.001741400000000115
40018,0.05502600000000002,7.61889,7.265000000000001,0.02747069999999996
40019,0.04502600000000001,6.218889999999998,4.665000000000001,-0.0525293
40040,0.02189899999999989,8.78529,9.517610000000001,0.09322010000000003
40497,-0.018213000000000035,11.620159999999998,7.35717,-0.024511999999999978
41204,-0.031049000000000104,9.805870000000002,6.354890000000001,-0.015150600000000125
41237,-0.009613000000000094,10.505680000000002,7.565150000000001,0.014455999999999913
41238,0.004386999999999919,11.49568,8.65515,0.027455999999999925
41251,0.07950899999999994,9.851770000000002,9.865739999999999,0.10065210000000002
41279,0.025386999999999937,13.905680000000002,9.385150000000001,-0.04754400000000014
41325,-0.047784999999999966,7.488349999999997,2.497250000000001,-0.08773589999999998
41326,0.15738699999999994,10.705680000000001,11.50515,0.12145600000000001
41327,0.28238699999999994,14.805680000000002,14.70515,0.14145599999999992
41328,0.30238699999999996,17.405680000000004,17.90515,0.38145599999999996
41350,-0.02761300000000011,7.505680000000002,7.805150000000001,0.1314559999999999
41367,0.30238699999999996,11.925680000000003,12.44515,0.03145599999999993
41538,0.05852900000000005,3.2787599999999983,12.536719999999999,0.46920370000000006
41539,0.06852900000000006,5.278759999999998,13.92672,0.5092037
41540,0.05852900000000005,3.988759999999999,5.866719999999999,0.0992037
41541,0.08852899999999997,4.278759999999998,6.566719999999998,0.0992037
41678,0.3702383,18.62678,15.89093,0.46802509999999997
41746,-0.038112000000000146,7.97804,6.362019999999999,0.06489519999999993
41747,-0.038112000000000146,5.97804,6.26202,0.034895199999999904
41748,-0.048112000000000155,4.97804,3.3620199999999993,0.024895200000000006
41749,-0.048112000000000155,4.378040000000002,4.362019999999999,0.014895199999999997
41823,0.058694000000000135,19.70765,18.1997,0.1525301
41876,0.06793399999999994,4.06833,4.240360000000001,0.02952010000000005
41908,0.009717700000000051,8.805240000000001,8.571629999999999,0.09719449999999996
42007,-0.08114550000000009,6.02018,3.5999199999999973,-0.01939920000000006
42008,-0.10114550000000011,4.120180000000001,0.9499199999999988,-0.01939920000000006
42009,-0.0911455000000001,4.620180000000001,2.4499199999999988,0.030600799999999984
42123,0.028456000000000037,0.716190000000001,2.4027600000000007,0.0694509000000001
42173,0.06238699999999997,26.56568,19.40515,0.24145599999999995
42174,0.1023869999999999,10.38568,11.40515,0.16145599999999993
42175,0.19238699999999997,16.77568,15.305150000000001,0.18145599999999995
