Ref_ID,Simulation_Voc,Simulation_Jsc,Simulation_PCE,Simulation_FF
20,1.02199,28.62159,20.28508,0.6934836
22,1.018846,32.78008,25.38835,0.7601793
23,1.018846,32.78008,25.38835,0.7601793
24,1.018846,32.78008,25.38835,0.7601793
25,1.018846,32.78008,25.38835,0.7601793
26,1.018846,32.78008,25.38835,0.7601793
27,1.018846,32.78008,25.38835,0.7601793
72,1.021338,25.52844,18.39718,0.7055982
89,1.021665,28.310340000000004,20.1113,0.6953228
90,1.021665,28.310340000000004,20.1113,0.6953228
91,1.021665,28.310340000000004,20.1113,0.6953228
169,1.021488,28.141820000000003,20.01644,0.6963078
170,1.021488,28.141820000000003,20.01644,0.6963078
171,1.021488,28.141820000000003,20.01644,0.6963078
267,0.9851425,27.79205,20.31818,0.7421047
297,1.022387,29.00568,20.50515,0.691456
391,1.022387,29.00568,20.50515,0.691456
411,1.010764,23.66972,16.99361,0.7103011
412,1.010764,23.66972,16.99361,0.7103011
413,1.010764,23.66972,16.99361,0.7103011
414,1.010764,23.66972,16.99361,0.7103011
415,1.010764,23.66972,16.99361,0.7103011
475,1.008589,25.62254,20.12844,0.7788856
529,1.017452,28.55807,22.44388,0.7724229
853,1.022215,28.83835,20.40725,0.6922641
854,1.022215,28.83835,20.40725,0.6922641
855,1.022215,28.83835,20.40725,0.6922641
919,1.023095,29.67414,23.18474,0.7636742
924,1.105538,32.94883,26.79765,0.7356699
925,1.105538,32.94883,26.79765,0.7356699
926,1.105538,32.94883,26.79765,0.7356699
927,1.105538,32.94883,26.79765,0.7356699
928,1.105538,32.94883,26.79765,0.7356699
929,1.105538,32.94883,26.79765,0.7356699
930,1.105538,32.94883,26.79765,0.7356699
931,1.105538,32.94883,26.79765,0.7356699
932,1.105538,32.94883,26.79765,0.7356699
946,1.006824,25.93206,20.30379,0.7776544
949,1.006824,25.93206,20.30379,0.7776544
950,1.006824,25.93206,20.30379,0.7776544
951,1.006824,25.93206,20.30379,0.7776544
952,1.006824,25.93206,20.30379,0.7776544
1145,1.022215,28.83835,20.40725,0.6922641
1147,1.022215,28.83835,20.40725,0.6922641
1148,1.022215,28.83835,20.40725,0.6922641
1149,1.022215,28.83835,20.40725,0.6922641
1150,1.022215,28.83835,20.40725,0.6922641
1152,1.022215,28.83835,20.40725,0.6922641
1153,1.022215,28.83835,20.40725,0.6922641
1166,1.004877,26.61878,18.91107,0.7069931
1241,0.994064,27.57193,21.07016,0.7687522
1242,0.994064,27.57193,21.07016,0.7687522
1352,1.02199,28.62159,20.28508,0.6934836
1354,1.02199,28.62159,20.28508,0.6934836
1356,1.021488,28.141820000000003,20.01644,0.6963078
1360,1.021488,28.141820000000003,20.01644,0.6963078
1362,1.021488,28.141820000000003,20.01644,0.6963078
1363,1.021488,28.141820000000003,20.01644,0.6963078
1365,1.021488,28.141820000000003,20.01644,0.6963078
1507,1.022514,29.12998,20.57748,0.6908486
1597,1.022215,28.83835,20.40725,0.6922641
1612,0.9747924,26.54785,17.79488,0.6876279
1613,1.035189,20.57472,11.29739,0.5304258
1614,1.030813,12.7328,7.230557,0.550894
1615,0.9985827,20.2799,12.78691,0.6314165
1616,1.030813,12.7328,7.230557,0.550894
1821,1.022383,32.83186,26.23864,0.781686
1822,1.022383,32.83186,26.23864,0.781686
2024,1.021665,28.310340000000004,20.1113,0.6953228
2025,1.021665,28.310340000000004,20.1113,0.6953228
2026,1.021665,28.310340000000004,20.1113,0.6953228
2027,1.021665,28.310340000000004,20.1113,0.6953228
2028,1.021665,28.310340000000004,20.1113,0.6953228
2029,1.021665,28.310340000000004,20.1113,0.6953228
2030,1.021665,28.310340000000004,20.1113,0.6953228
2031,1.021665,28.310340000000004,20.1113,0.6953228
2032,1.021665,28.310340000000004,20.1113,0.6953228
2039,1.014396,32.257279999999994,25.5925,0.7821275
2078,1.021554,31.50036,22.9126,0.7120284
2085,1.000926,28.19477,21.52378,0.7626896
2086,1.000926,28.19477,21.52378,0.7626896
2087,1.000926,28.19477,21.52378,0.7626896
2099,1.011846,27.71475,21.69587,0.7736627
2103,1.011846,27.71475,21.69587,0.7736627
2115,1.026225,32.44604,26.32153,0.7905088
2699,1.029427,33.79475,27.44934,0.7890183
2757,0.9760176,30.6113,23.49863,0.7865081
2837,1.010872,28.985930000000003,20.6815,0.7058279
2844,1.029427,33.79475,27.44934,0.7890183
2874,1.009911,29.00586,20.70356,0.7067665
2875,1.009911,29.00586,20.70356,0.7067665
2876,1.009911,29.00586,20.70356,0.7067665
2877,1.022387,29.00568,20.50515,0.691456
2878,1.022387,29.00568,20.50515,0.691456
2900,1.02199,28.62159,20.28508,0.6934836
2901,1.02199,28.62159,20.28508,0.6934836
3218,1.022387,29.00568,20.50515,0.691456
3384,1.022387,29.00568,20.50515,0.691456
3385,1.022387,29.00568,20.50515,0.691456
3415,1.022387,29.00568,20.50515,0.691456
3499,1.022387,29.00568,20.50515,0.691456
3503,0.9855934,24.70003,18.09496,0.7432968
3504,0.9932603,25.81331,18.95856,0.7394325
3505,0.9930709,24.58587,18.22256,0.7463519
3506,0.9969038,24.9698,18.56413,0.7457727
3552,1.008925,25.89772,20.33582,0.7782901
3553,1.008925,25.89772,20.33582,0.7782901
3554,1.008925,25.89772,20.33582,0.7782901
3568,1.022387,29.00568,20.50515,0.691456
3655,1.022387,29.00568,20.50515,0.691456
3697,1.01356,27.12395,20.72143,0.7537328
3698,1.01356,27.12395,20.72143,0.7537328
3699,1.01356,27.12395,20.72143,0.7537328
3700,1.01356,27.12395,20.72143,0.7537328
3701,1.01356,27.12395,20.72143,0.7537328
3709,1.008514,25.56311,20.08283,0.7789858
3789,1.022215,28.83835,20.40725,0.6922641
3822,1.016874,29.00574,20.68491,0.7012981
3823,1.017776,29.00573,20.66467,0.6999912
3824,1.018756,29.005720000000004,20.63865,0.6984373
3825,1.01938,29.00571,20.6199,0.6973756
3826,1.020035,29.0057,20.5985,0.6962052
3827,1.022387,29.00568,20.50515,0.691456
3903,1.013422,29.00578,20.72573,0.7050747
3953,1.000895,26.98723,20.88106,0.7730471
3955,1.000895,26.98723,20.88106,0.7730471
4012,1.013422,29.00578,20.72573,0.7050747
4028,1.022387,29.00568,20.50515,0.691456
4029,1.022387,29.00568,20.50515,0.691456
4076,1.021745,25.80898,18.52689,0.7025688
4101,1.022387,29.00568,20.50515,0.691456
4102,1.022387,29.00568,20.50515,0.691456
4172,1.022387,29.00568,20.50515,0.691456
4174,1.022387,29.00568,20.50515,0.691456
4200,1.000895,26.98723,20.88106,0.7730471
4237,1.022387,29.00568,20.50515,0.691456
4239,1.022387,29.00568,20.50515,0.691456
4300,1.022387,29.00568,20.50515,0.691456
4301,1.021811,27.75099,19.76132,0.6968946
4302,1.03376,34.990030000000004,24.46365,0.6763276
4303,1.021912,24.72246,17.8669,0.707203
4304,1.020744,23.75297,17.2731,0.7124186
4305,1.021308,27.75936,19.78888,0.6979995
4306,1.022387,29.00568,20.50515,0.691456
4307,1.021811,27.75099,19.76132,0.6968946
4310,1.020744,23.75297,17.2731,0.7124186
4311,1.022215,28.83835,20.40725,0.6922641
4376,1.022387,29.00568,20.50515,0.691456
4377,1.022387,29.00568,20.50515,0.691456
4378,1.022387,29.00568,20.50515,0.691456
4380,1.021819,28.458890000000004,20.19359,0.6944188
4381,1.021819,28.458890000000004,20.19359,0.6944188
4382,1.021819,28.458890000000004,20.19359,0.6944188
4384,1.021819,28.458890000000004,20.19359,0.6944188
4489,,,,
4490,1.022579,24.58637,16.52134,0.6571341
4491,,,,
4513,1.022387,29.00568,20.50515,0.691456
4586,1.022534,29.14615,20.58835,0.6908162
4587,1.022534,29.14615,20.58835,0.6908162
4813,1.022534,29.14615,20.58835,0.6908162
4914,1.008514,25.56311,20.08283,0.7789858
4915,1.008514,25.56311,20.08283,0.7789858
5029,1.029146,31.1894,25.75042,0.8022325
5037,1.029146,31.1894,25.75042,0.8022325
5041,1.029146,31.1894,25.75042,0.8022325
5045,1.029146,31.1894,25.75042,0.8022325
5049,1.029146,31.1894,25.75042,0.8022325
5053,1.029146,31.1894,25.75042,0.8022325
5351,1.022387,29.00568,20.50515,0.691456
5560,1.022215,28.83835,20.40725,0.6922641
5676,0.9928413,24.74303,18.64868,0.7591284
5681,0.9928413,24.74303,18.64868,0.7591284
5682,1.010245,24.8702,19.13086,0.7614272
5683,1.010245,24.8702,19.13086,0.7614272
5686,1.010245,24.8702,19.13086,0.7614272
5760,1.023015,29.47142,23.98863,0.7956503
5848,1.022215,28.83835,20.40725,0.6922641
5849,1.022215,28.83835,20.40725,0.6922641
5850,1.022215,28.83835,20.40725,0.6922641
5852,1.022215,28.83835,20.40725,0.6922641
5854,1.022215,28.83835,20.40725,0.6922641
5862,1.022215,28.83835,20.40725,0.6922641
5934,1.02199,28.62159,20.28508,0.6934836
6211,1.020035,29.0057,20.5985,0.6962052
6522,1.008252,25.35528,19.92244,0.7793009
6523,1.008252,25.35528,19.92244,0.7793009
6524,1.008252,25.35528,19.92244,0.7793009
6526,1.008252,25.35528,19.92244,0.7793009
6527,1.008252,25.35528,19.92244,0.7793009
6529,1.008252,25.35528,19.92244,0.7793009
6530,1.008252,25.35528,19.92244,0.7793009
6752,1.024879,29.21146,23.91837,0.7989241
6753,1.024879,29.21146,23.91837,0.7989241
6755,1.024879,29.21146,23.91837,0.7989241
6756,1.024879,29.21146,23.91837,0.7989241
6757,1.024879,29.21146,23.91837,0.7989241
6758,1.024879,29.21146,23.91837,0.7989241
6760,1.024879,29.21146,23.91837,0.7989241
6762,1.024879,29.21146,23.91837,0.7989241
6891,1.024787,29.852690000000003,24.2416,0.7923994
6892,1.024787,29.852690000000003,24.2416,0.7923994
6919,1.022387,29.00568,20.50515,0.691456
6920,1.022387,29.00568,20.50515,0.691456
6921,1.022387,29.00568,20.50515,0.691456
7018,1.013005,24.87931,18.64739,0.7398919
7019,1.013005,24.87931,18.64739,0.7398919
7022,1.013005,24.87931,18.64739,0.7398919
7023,1.013005,24.87931,18.64739,0.7398919
7024,1.013005,24.87931,18.64739,0.7398919
7135,1.017458,29.68927,24.45426,0.8095405
7137,1.017458,29.68927,24.45426,0.8095405
7145,1.022215,28.83835,20.40725,0.6922641
7146,1.022215,28.83835,20.40725,0.6922641
7147,1.022215,28.83835,20.40725,0.6922641
7148,1.022215,28.83835,20.40725,0.6922641
7149,1.022215,28.83835,20.40725,0.6922641
7150,1.022215,28.83835,20.40725,0.6922641
7203,1.022215,28.83835,20.40725,0.6922641
7204,1.022215,28.83835,20.40725,0.6922641
7226,1.021488,28.141820000000003,20.01644,0.6963078
7227,1.021488,28.141820000000003,20.01644,0.6963078
7480,1.014687,29.5191,23.02853,0.7688311
7481,1.014687,29.5191,23.02853,0.7688311
7482,1.017303,30.80581,24.58326,0.7844346
7483,1.017303,30.80581,24.58326,0.7844346
7484,1.017303,30.80581,24.58326,0.7844346
7487,1.017303,30.80581,24.58326,0.7844346
7489,1.017303,30.80581,24.58326,0.7844346
7490,1.017303,30.80581,24.58326,0.7844346
7498,1.004847,24.19113,17.40374,0.7159568
7548,1.026305,32.53803,26.39254,0.790339
7550,1.026305,32.53803,26.39254,0.790339
7552,1.026305,32.53803,26.39254,0.790339
7644,1.00889,25.86545,20.31344,0.7784305
7645,1.00889,25.86545,20.31344,0.7784305
7762,1.022387,29.00568,20.50515,0.691456
7763,1.022387,29.00568,20.50515,0.691456
7764,1.022387,29.00568,20.50515,0.691456
7766,1.022387,29.00568,20.50515,0.691456
7767,1.022387,29.00568,20.50515,0.691456
7768,1.022387,29.00568,20.50515,0.691456
7946,1.014205,28.86047,21.82761,0.7457224
8023,1.022387,29.00568,20.50515,0.691456
8032,1.010442,29.34866,21.79869,0.7350736
8034,1.010442,29.34866,21.79869,0.7350736
8057,1.008245,25.35627,19.91984,0.7791738
8058,1.025959,32.14859,26.08852,0.7909654
8086,1.022387,29.00568,20.50515,0.691456
8087,1.022387,29.00568,20.50515,0.691456
8088,1.022387,29.00568,20.50515,0.691456
8167,1.021488,28.141820000000003,20.01644,0.6963078
8168,1.021488,28.141820000000003,20.01644,0.6963078
8169,1.021488,28.141820000000003,20.01644,0.6963078
8177,1.01101,26.42493,18.6969,0.6998425
8178,1.01101,26.42493,18.6969,0.6998425
8179,1.01101,26.42493,18.6969,0.6998425
8181,1.01101,26.42493,18.6969,0.6998425
8182,1.01101,26.42493,18.6969,0.6998425
8199,1.009911,29.00586,20.70356,0.7067665
8201,1.009911,29.00586,20.70356,0.7067665
8247,1.022387,29.00568,20.50515,0.691456
8254,1.022387,29.00568,20.50515,0.691456
8329,1.022215,28.83835,20.40725,0.6922641
8330,1.022215,28.83835,20.40725,0.6922641
8647,1.02199,28.62159,20.28508,0.6934836
8700,1.022215,28.83835,20.40725,0.6922641
8701,1.022215,28.83835,20.40725,0.6922641
8755,1.008883,25.89771,20.33669,0.7783557
8756,1.022215,28.83835,20.40725,0.6922641
8757,1.022215,28.83835,20.40725,0.6922641
8766,1.02303,29.48507,24.00032,0.7956582
8767,1.02303,29.48507,24.00032,0.7956582
8768,1.02303,29.48507,24.00032,0.7956582
8769,1.02303,29.48507,24.00032,0.7956582
8773,1.02303,29.48507,24.00032,0.7956582
8774,1.02303,29.48507,24.00032,0.7956582
8775,1.02303,29.48507,24.00032,0.7956582
8819,1.018238,28.52629,22.93809,0.7897011
8831,0.9870708,27.839170000000003,20.65021,0.7514845
8833,0.9870708,27.839170000000003,20.65021,0.7514845
8849,1.012186,32.48925,26.89725,0.8179144
8850,0.9997823,28.37863,22.53089,0.7941114
8851,1.003339,30.78678,24.3647,0.7887678
8852,1.003339,30.78678,24.3647,0.7887678
8853,1.000601,26.86148,20.78627,0.7733676
9062,1.022387,29.00568,20.50515,0.691456
9063,1.022387,29.00568,20.50515,0.691456
9064,1.022387,29.00568,20.50515,0.691456
9065,1.022387,29.00568,20.50515,0.691456
9066,1.022387,29.00568,20.50515,0.691456
9080,1.022387,29.00568,20.50515,0.691456
9090,1.021488,28.141820000000003,20.01644,0.6963078
9093,1.022387,29.00568,20.50515,0.691456
9094,1.022387,29.00568,20.50515,0.691456
9097,1.021488,28.141820000000003,20.01644,0.6963078
9099,1.021488,28.141820000000003,20.01644,0.6963078
9100,1.021488,28.141820000000003,20.01644,0.6963078
9101,1.021488,28.141820000000003,20.01644,0.6963078
9106,1.022387,29.00568,20.50515,0.691456
9107,1.022387,29.00568,20.50515,0.691456
9108,1.022387,29.00568,20.50515,0.691456
9109,1.022387,29.00568,20.50515,0.691456
9110,1.022387,29.00568,20.50515,0.691456
9111,1.022387,29.00568,20.50515,0.691456
9113,1.022387,29.00568,20.50515,0.691456
9114,1.022387,29.00568,20.50515,0.691456
9138,1.022387,29.00568,20.50515,0.691456
9224,1.021717,28.36072,20.1389,0.6950052
9226,1.021717,28.36072,20.1389,0.6950052
9295,1.040379,33.80746,26.2743,0.7470112
9296,1.040379,33.80746,26.2743,0.7470112
9783,1.022387,29.00568,20.50515,0.691456
9785,1.022387,29.00568,20.50515,0.691456
9787,1.022387,29.00568,20.50515,0.691456
9867,1.022387,29.00568,20.50515,0.691456
9916,1.022387,29.00568,20.50515,0.691456
9918,1.022387,29.00568,20.50515,0.691456
9919,1.022387,29.00568,20.50515,0.691456
9955,1.02199,28.62159,20.28508,0.6934836
9956,1.02199,28.62159,20.28508,0.6934836
10212,1.022387,29.00568,20.50515,0.691456
10237,1.022387,29.00568,20.50515,0.691456
10243,1.022387,29.00568,20.50515,0.691456
10248,1.022387,29.00568,20.50515,0.691456
10596,1.000203,26.42689,20.59497,0.7791606
10597,1.000203,26.42689,20.59497,0.7791606
10598,1.000203,26.42689,20.59497,0.7791606
10599,1.000203,26.42689,20.59497,0.7791606
10600,1.000203,26.42689,20.59497,0.7791606
10601,1.000203,26.42689,20.59497,0.7791606
10602,1.000203,26.42689,20.59497,0.7791606
10603,1.000203,26.42689,20.59497,0.7791606
10628,1.013257,26.861200000000004,20.53947,0.7546475
10667,1.022215,28.83835,20.40725,0.6922641
10923,1.009873,25.53787,20.64593,0.8005395
11012,1.022387,29.00568,20.50515,0.691456
11106,1.024436,28.36069,20.0053,0.6885627
11140,1.010367,28.14007,19.73405,0.694084
11141,1.010367,28.14007,19.73405,0.694084
11142,1.010367,28.14007,19.73405,0.694084
11143,1.010367,28.14007,19.73405,0.694084
11144,1.010367,28.14007,19.73405,0.694084
11236,1.022387,29.00568,20.50515,0.691456
11258,1.008925,25.89772,20.33582,0.7782901
11259,1.008925,25.89772,20.33582,0.7782901
11260,1.008925,25.89772,20.33582,0.7782901
11269,1.022215,28.83835,20.40725,0.6922641
11270,1.022215,28.83835,20.40725,0.6922641
11271,1.022215,28.83835,20.40725,0.6922641
11273,1.022215,28.83835,20.40725,0.6922641
11274,1.022215,28.83835,20.40725,0.6922641
11275,1.022215,28.83835,20.40725,0.6922641
11312,1.022215,28.83835,20.40725,0.6922641
11313,1.022215,28.83835,20.40725,0.6922641
11397,0.9848352,20.84531,14.78747,0.720314
11399,1.030334,31.50027,22.55789,0.6950344
11400,1.030825,24.64694,18.03213,0.7097393
11733,1.012143,27.98179,21.89041,0.7729233
11736,1.012143,27.98179,21.89041,0.7729233
11737,1.012143,27.98179,21.89041,0.7729233
11738,1.012143,27.98179,21.89041,0.7729233
11739,1.012143,27.98179,21.89041,0.7729233
11740,1.012143,27.98179,21.89041,0.7729233
11741,1.012143,27.98179,21.89041,0.7729233
11765,1.022215,28.83835,20.40725,0.6922641
11773,1.026225,32.44604,26.32153,0.7905088
11800,1.006959,28.21066,23.39454,0.8235493
11801,1.021616,28.21039,22.98819,0.7976423
11802,1.021616,28.21039,22.98819,0.7976423
11803,1.021616,28.21039,22.98819,0.7976423
11804,1.021616,28.21039,22.98819,0.7976423
11805,1.021616,28.21039,22.98819,0.7976423
11981,1.022387,29.00568,20.50515,0.691456
11982,1.022387,29.00568,20.50515,0.691456
12001,1.023159,29.627910000000004,24.1101,0.7953436
12002,1.023159,29.627910000000004,24.1101,0.7953436
12032,1.022387,29.00568,20.50515,0.691456
12033,1.022387,29.00568,20.50515,0.691456
12054,1.021973,27.52222,19.61529,0.6973837
12055,1.023063,33.61426,23.24702,0.6759918
12056,0.9977122,21.37243,15.34639,0.7196925
12454,1.02199,28.62159,20.28508,0.6934836
12455,1.02199,28.62159,20.28508,0.6934836
12499,1.02199,28.62159,20.28508,0.6934836
12501,1.02199,28.62159,20.28508,0.6934836
12639,1.008514,25.56311,20.08283,0.7789858
12640,1.008514,25.56311,20.08283,0.7789858
12641,1.022215,28.83835,20.40725,0.6922641
12818,1.022387,29.00568,20.50515,0.691456
12820,1.022215,28.83835,20.40725,0.6922641
12912,1.00049,27.25216,20.6735,0.7582286
13148,1.022215,28.83835,20.40725,0.6922641
13200,1.00618,26.97683,17.80934,0.6561169
13202,1.00618,26.97683,17.80934,0.6561169
13203,1.00618,26.97683,17.80934,0.6561169
13205,1.00618,26.97683,17.80934,0.6561169
13246,1.020035,29.0057,20.5985,0.6962052
13310,1.022387,29.00568,20.50515,0.691456
13312,1.022387,29.00568,20.50515,0.691456
13411,1.022387,29.00568,20.50515,0.691456
13412,1.022387,29.00568,20.50515,0.691456
13456,1.023319,33.12357,22.95186,0.6771264
13457,1.023319,33.12357,22.95186,0.6771264
13458,1.023319,33.12357,22.95186,0.6771264
13460,1.023319,33.12357,22.95186,0.6771264
13461,1.023319,33.12357,22.95186,0.6771264
13464,1.023319,33.12357,22.95186,0.6771264
13500,1.002989,26.7616,21.05863,0.7845522
13501,1.002989,26.7616,21.05863,0.7845522
13506,1.021488,28.141820000000003,20.01644,0.6963078
13507,1.021488,28.141820000000003,20.01644,0.6963078
13917,1.021665,28.310340000000004,20.1113,0.6953228
13918,1.021665,28.310340000000004,20.1113,0.6953228
13919,1.021665,28.310340000000004,20.1113,0.6953228
14030,1.02858,33.15417,26.88943,0.7885066
14038,1.02858,33.15417,26.88943,0.7885066
14042,1.02858,33.15417,26.88943,0.7885066
14092,1.001628,25.84099,20.43702,0.7895908
14102,1.021717,28.36072,20.1389,0.6950052
14156,0.9981159,25.09379,19.16511,0.7651811
14222,1.006425,26.25131,19.09749,0.7228429
14298,1.022387,29.00568,20.50515,0.691456
14299,1.022387,29.00568,20.50515,0.691456
14842,1.016346,27.365140000000004,21.63513,0.7778937
14981,1.022387,29.00568,20.50515,0.691456
15048,1.022387,29.00568,20.50515,0.691456
15049,1.022387,29.00568,20.50515,0.691456
15050,1.022387,29.00568,20.50515,0.691456
15051,1.022387,29.00568,20.50515,0.691456
15052,1.022387,29.00568,20.50515,0.691456
15094,1.021857,28.466320000000003,23.19132,0.7972676
15096,1.021857,28.466320000000003,23.19132,0.7972676
15097,1.012162,29.315710000000003,20.28205,0.683536
15098,1.012162,29.315710000000003,20.28205,0.683536
15105,1.012162,29.315710000000003,20.28205,0.683536
15107,1.012162,29.315710000000003,20.28205,0.683536
15108,1.012162,29.315710000000003,20.28205,0.683536
15110,1.012162,29.315710000000003,20.28205,0.683536
15112,1.012162,29.315710000000003,20.28205,0.683536
15179,1.021179,25.43315,18.37337,0.7074356
15180,1.021179,25.43315,18.37337,0.7074356
15182,1.021179,25.43315,18.37337,0.7074356
15183,1.021179,25.43315,18.37337,0.7074356
15184,1.021179,25.43315,18.37337,0.7074356
15185,1.021179,25.43315,18.37337,0.7074356
15186,1.021179,25.43315,18.37337,0.7074356
15187,1.021179,25.43315,18.37337,0.7074356
15189,1.021179,25.43315,18.37337,0.7074356
15190,1.021179,25.43315,18.37337,0.7074356
15191,1.021179,25.43315,18.37337,0.7074356
15194,1.021179,25.43315,18.37337,0.7074356
15195,1.021179,25.43315,18.37337,0.7074356
15196,1.021179,25.43315,18.37337,0.7074356
15614,1.021488,28.141820000000003,20.01644,0.6963078
15832,1.012826,28.43832,20.38673,0.7077971
15833,1.012826,28.43832,20.38673,0.7077971
15834,1.012826,28.43832,20.38673,0.7077971
15835,1.012826,28.43832,20.38673,0.7077971
15836,1.012826,28.43832,20.38673,0.7077971
15837,1.012826,28.43832,20.38673,0.7077971
15838,1.012826,28.43832,20.38673,0.7077971
15839,1.012826,28.43832,20.38673,0.7077971
15841,1.012826,28.43832,20.38673,0.7077971
15843,1.012826,28.43832,20.38673,0.7077971
15844,1.012826,28.43832,20.38673,0.7077971
15845,1.012826,28.43832,20.38673,0.7077971
15846,1.012826,28.43832,20.38673,0.7077971
15847,1.012826,28.43832,20.38673,0.7077971
15848,1.012826,28.43832,20.38673,0.7077971
15849,1.012826,28.43832,20.38673,0.7077971
15850,1.012826,28.43832,20.38673,0.7077971
15851,1.012826,28.43832,20.38673,0.7077971
16106,1.021554,31.50036,22.9126,0.7120284
16107,1.021554,31.50036,22.9126,0.7120284
16109,1.021554,31.50036,22.9126,0.7120284
16140,1.022215,28.83835,20.40725,0.6922641
16141,1.022215,28.83835,20.40725,0.6922641
16142,1.022215,28.83835,20.40725,0.6922641
16143,1.022215,28.83835,20.40725,0.6922641
16144,1.022215,28.83835,20.40725,0.6922641
16145,1.022215,28.83835,20.40725,0.6922641
16147,1.022215,28.83835,20.40725,0.6922641
16148,1.022215,28.83835,20.40725,0.6922641
16346,1.022387,29.00568,20.50515,0.691456
16355,1.022387,29.00568,20.50515,0.691456
16356,1.022387,29.00568,20.50515,0.691456
16357,1.022387,29.00568,20.50515,0.691456
16358,1.022387,29.00568,20.50515,0.691456
16360,1.022387,29.00568,20.50515,0.691456
16382,1.022215,28.83835,20.40725,0.6922641
16383,1.022215,28.83835,20.40725,0.6922641
16384,1.022215,28.83835,20.40725,0.6922641
16399,0.9974107,26.53547,20.00299,0.7557778
16400,0.9974107,26.53547,20.00299,0.7557778
16401,0.9974107,26.53547,20.00299,0.7557778
16402,0.9974107,26.53547,20.00299,0.7557778
16403,0.9787413,22.8167,16.65493,0.7457991
16487,1.009279,25.39676,19.97757,0.7793868
16540,1.022765,29.20046,23.77536,0.7960887
16541,1.022765,29.20046,23.77536,0.7960887
16551,1.022387,29.00568,20.50515,0.691456
16629,1.013443,27.02394,21.31883,0.7784228
16630,1.013443,27.02394,21.31883,0.7784228
16650,1.022534,29.14615,20.58835,0.6908162
16654,1.022215,28.83835,20.40725,0.6922641
16755,1.022387,29.00568,20.50515,0.691456
16756,1.022387,29.00568,20.50515,0.691456
16761,1.03764,35.47335,28.81077,0.7827194
16762,1.018264,24.91084,19.72057,0.7774466
16763,1.013704,26.36169,20.7661,0.7770884
16778,1.021665,28.310340000000004,20.1113,0.6953228
16779,1.021665,28.310340000000004,20.1113,0.6953228
16861,1.022387,29.00568,20.50515,0.691456
16893,1.022387,29.00568,20.50515,0.691456
17144,1.008514,25.56311,20.08283,0.7789858
17145,1.008514,25.56311,20.08283,0.7789858
17146,1.008514,25.56311,20.08283,0.7789858
17147,1.008514,25.56311,20.08283,0.7789858
17255,1.022387,29.00568,20.50515,0.691456
17258,1.022387,29.00568,20.50515,0.691456
17259,1.022387,29.00568,20.50515,0.691456
17716,1.011172,25.21076,17.94844,0.7040701
17768,1.028832,31.68245,25.84456,0.7928771
17769,1.022444,32.79146,26.44637,0.7887978
17770,1.021801,31.47923,25.47234,0.7919151
17869,1.022387,29.00568,20.50515,0.691456
17870,1.022387,29.00568,20.50515,0.691456
17871,1.022387,29.00568,20.50515,0.691456
17872,1.022387,29.00568,20.50515,0.691456
17873,1.022387,29.00568,20.50515,0.691456
17874,1.022387,29.00568,20.50515,0.691456
17875,1.022387,29.00568,20.50515,0.691456
17886,1.022387,29.00568,20.50515,0.691456
17888,1.022387,29.00568,20.50515,0.691456
17889,1.022387,29.00568,20.50515,0.691456
17890,1.022387,29.00568,20.50515,0.691456
18010,0.9284115,15.24628,10.81777,0.7642463
18012,0.9797408,26.78107,19.54848,0.7450302
18013,1.022387,29.00568,20.50515,0.691456
18064,0.983199,23.6822,17.52851,0.7528033
18065,1.037406,35.41542,28.73205,0.7820335
18066,1.0113,28.00493,21.88459,0.7727235
18068,1.0113,28.00493,21.88459,0.7727235
18069,1.0113,28.00493,21.88459,0.7727235
18113,1.023319,33.12357,22.95186,0.6771264
18131,1.02199,28.62159,20.28508,0.6934836
18133,0.9848352,20.84531,14.78747,0.720314
18134,0.9999385,27.72651,19.14425,0.6905099
18136,1.010988,27.13156,19.12466,0.6972253
18166,1.006625,30.99111,23.85246,0.7645896
18171,1.013999,32.57761,25.12539,0.7605991
18172,1.013999,32.57761,25.12539,0.7605991
18173,1.013999,32.57761,25.12539,0.7605991
18174,1.013999,32.57761,25.12539,0.7605991
18175,1.001003,23.09808,16.70972,0.7226999
18177,1.001003,23.09808,16.70972,0.7226999
18191,1.046981,33.22443,23.60121,0.6784814
18233,1.021488,28.141820000000003,20.01644,0.6963078
18235,1.021488,28.141820000000003,20.01644,0.6963078
18358,0.9623218,23.54386,17.94024,0.7918268
18360,1.022387,29.00568,20.50515,0.691456
18361,1.022387,29.00568,20.50515,0.691456
18364,1.022387,29.00568,20.50515,0.691456
18365,1.022387,29.00568,20.50515,0.691456
18366,1.022387,29.00568,20.50515,0.691456
18367,1.022387,29.00568,20.50515,0.691456
18368,1.022387,29.00568,20.50515,0.691456
18456,1.02199,28.62159,20.28508,0.6934836
18457,1.02199,28.62159,20.28508,0.6934836
18458,1.02199,28.62159,20.28508,0.6934836
18459,1.02199,28.62159,20.28508,0.6934836
18548,1.0017,27.72342,21.42116,0.7713626
18591,1.022215,28.83835,20.40725,0.6922641
18593,1.022215,28.83835,20.40725,0.6922641
18897,1.0218,28.43821,20.18331,0.6945831
18972,1.0256,31.74255,25.77408,0.7917048
18973,1.0256,31.74255,25.77408,0.7917048
18974,1.0256,31.74255,25.77408,0.7917048
18975,1.0256,31.74255,25.77408,0.7917048
19092,1.022387,29.00568,20.50515,0.691456
19093,1.022387,29.00568,20.50515,0.691456
19094,1.022387,29.00568,20.50515,0.691456
19198,1.011009,25.07789,17.86855,0.7047632
19202,1.026225,32.44604,26.32153,0.7905088
19244,1.022215,28.83835,20.40725,0.6922641
19291,1.010764,23.66972,16.99361,0.7103011
19342,0.9769396,24.92611,18.75318,0.77011
19344,0.9769396,24.92611,18.75318,0.77011
19346,1.001526,27.56055,21.3034,0.7717889
19348,1.001526,27.56055,21.3034,0.7717889
19349,1.001526,27.56055,21.3034,0.7717889
19455,1.021794,28.4158,23.14952,0.7972943
19456,1.021794,28.4158,23.14952,0.7972943
19467,1.022215,28.83835,20.40725,0.6922641
19468,1.022215,28.83835,20.40725,0.6922641
19551,1.022215,28.83835,20.40725,0.6922641
19552,1.022215,28.83835,20.40725,0.6922641
19592,1.029851,33.74736,27.41813,0.7889033
19594,1.029851,33.74736,27.41813,0.7889033
19595,1.029851,33.74736,27.41813,0.7889033
19616,1.02199,28.62159,20.28508,0.6934836
19617,1.02199,28.62159,20.28508,0.6934836
19820,1.022215,28.83835,20.40725,0.6922641
19827,0.9805867,24.96598,18.9024,0.7721154
19829,0.9805867,24.96598,18.9024,0.7721154
19830,0.9805867,24.96598,18.9024,0.7721154
19831,0.9805867,24.96598,18.9024,0.7721154
19832,0.9805867,24.96598,18.9024,0.7721154
19833,1.022444,32.79146,26.44637,0.7887978
19834,1.022444,32.79146,26.44637,0.7887978
19835,1.028832,31.68245,25.84456,0.7928771
19837,1.028832,31.68245,25.84456,0.7928771
19839,1.022444,32.79146,26.44637,0.7887978
19841,1.021801,31.47923,25.47234,0.7919151
19843,1.027392,31.04256,25.31867,0.7938662
19844,1.027392,31.04256,25.31867,0.7938662
19858,1.02199,28.62159,20.28508,0.6934836
19861,1.02199,28.62159,20.28508,0.6934836
19914,1.024602,30.3003,24.69713,0.7955075
19915,1.024662,30.99973,25.19511,0.7931905
19916,1.024602,30.3003,24.69713,0.7955075
19917,1.024602,30.3003,24.69713,0.7955075
19918,1.024602,30.3003,24.69713,0.7955075
19919,1.024602,30.3003,24.69713,0.7955075
19920,1.024602,30.3003,24.69713,0.7955075
19921,1.024602,30.3003,24.69713,0.7955075
19928,1.022215,28.83835,20.40725,0.6922641
19929,1.022215,28.83835,20.40725,0.6922641
20127,1.00106,27.13366,20.99084,0.7727897
20129,1.00106,27.13366,20.99084,0.7727897
20131,1.00106,27.13366,20.99084,0.7727897
20132,1.018868,29.98994,24.27444,0.7944299
20133,1.00106,27.13366,20.99084,0.7727897
20134,1.00106,27.13366,20.99084,0.7727897
20137,1.00106,27.13366,20.99084,0.7727897
20347,1.020798,31.53967,26.26946,0.8159326
20348,1.020798,31.53967,26.26946,0.8159326
20371,1.021488,28.141820000000003,20.01644,0.6963078
20448,1.022215,28.83835,20.40725,0.6922641
20449,1.022215,28.83835,20.40725,0.6922641
20456,1.017015,25.07778,17.67477,0.6930063
20459,1.020785,25.0777,17.51577,0.6842381
20460,1.020785,25.0777,17.51577,0.6842381
20461,1.020785,25.0777,17.51577,0.6842381
20462,1.020785,25.0777,17.51577,0.6842381
20464,1.020785,25.0777,17.51577,0.6842381
20466,1.020785,25.0777,17.51577,0.6842381
20467,1.020785,25.0777,17.51577,0.6842381
20468,1.020785,25.0777,17.51577,0.6842381
20469,1.020785,25.0777,17.51577,0.6842381
20470,1.020785,25.0777,17.51577,0.6842381
20471,1.020785,25.0777,17.51577,0.6842381
20473,1.020785,25.0777,17.51577,0.6842381
20474,1.020785,25.0777,17.51577,0.6842381
20475,1.020785,25.0777,17.51577,0.6842381
20477,1.020785,25.0777,17.51577,0.6842381
20478,1.020785,25.0777,17.51577,0.6842381
20479,1.020785,25.0777,17.51577,0.6842381
20480,1.020785,25.0777,17.51577,0.6842381
20481,1.020785,25.0777,17.51577,0.6842381
20482,1.020785,25.0777,17.51577,0.6842381
20483,1.020785,25.0777,17.51577,0.6842381
20485,1.020785,25.0777,17.51577,0.6842381
20506,1.021717,28.36072,20.1389,0.6950052
20507,1.021717,28.36072,20.1389,0.6950052
20508,1.021717,28.36072,20.1389,0.6950052
20511,1.021717,28.36072,20.1389,0.6950052
20512,1.021717,28.36072,20.1389,0.6950052
20513,1.021717,28.36072,20.1389,0.6950052
20514,1.021717,28.36072,20.1389,0.6950052
20515,1.021717,28.36072,20.1389,0.6950052
20516,1.021717,28.36072,20.1389,0.6950052
20726,1.01469,29.00577,20.71768,0.7039203
20730,1.01469,29.00577,20.71768,0.7039203
20787,1.022387,29.00568,20.50515,0.691456
20797,1.085373,33.41323,26.83133,0.7398519
20820,,,,
20822,,,,
20828,1.013692,28.06221,20.15159,0.7084049
20830,1.013692,28.06221,20.15159,0.7084049
20831,1.013692,28.06221,20.15159,0.7084049
20850,1.018136,32.53817,26.91048,0.8123118
20870,1.014116,28.45897,20.39025,0.706506
20873,1.014116,28.45897,20.39025,0.706506
20874,1.014116,28.45897,20.39025,0.706506
20889,1.01469,29.00577,20.71768,0.7039203
20890,1.01469,29.00577,20.71768,0.7039203
20891,1.01469,29.00577,20.71768,0.7039203
20910,1.021373,28.78318,22.6657,0.7709852
20911,1.021373,28.78318,22.6657,0.7709852
20935,1.02339,27.66494,20.30887,0.7173234
21027,1.022215,28.83835,20.40725,0.6922641
21029,1.022215,28.83835,20.40725,0.6922641
21060,1.022387,29.00568,20.50515,0.691456
21157,1.021488,28.141820000000003,20.01644,0.6963078
21167,1.011301,28.18662,19.7462,0.6927238
21168,1.011301,28.18662,19.7462,0.6927238
21191,1.022534,29.14615,20.58835,0.6908162
21192,1.022387,29.00568,20.50515,0.691456
21193,1.022387,29.00568,20.50515,0.691456
21214,1.022387,29.00568,20.50515,0.691456
21316,1.021488,28.141820000000003,20.01644,0.6963078
21319,1.021488,28.141820000000003,20.01644,0.6963078
21320,1.021488,28.141820000000003,20.01644,0.6963078
21321,1.021488,28.141820000000003,20.01644,0.6963078
21322,1.021488,28.141820000000003,20.01644,0.6963078
21345,1.008157,25.32647,19.99476,0.7830932
21347,1.008157,25.32647,19.99476,0.7830932
21348,1.008157,25.32647,19.99476,0.7830932
21349,1.008157,25.32647,19.99476,0.7830932
21351,1.008157,25.32647,19.99476,0.7830932
21388,1.006103,30.88028,23.75562,0.7646148
21389,1.006103,30.88028,23.75562,0.7646148
21396,1.011093,28.96664,20.20937,0.6900231
21397,1.017395,28.32081,20.28918,0.7041566
21399,1.03068,25.3864,18.53525,0.7083918
21400,1.020945,23.78186,17.28506,0.7119057
21401,1.020945,23.78186,17.28506,0.7119057
21521,1.011401,29.94652,20.76657,0.6856383
21524,1.010615,27.02869,19.06889,0.6980955
21525,1.01007,23.32211,16.78743,0.7126314
21526,1.010975,24.18599,17.31027,0.7079449
21541,1.024111,30.50213,25.00854,0.8005914
21542,1.024111,30.50213,25.00854,0.8005914
21543,1.024111,30.50213,25.00854,0.8005914
21544,1.024111,30.50213,25.00854,0.8005914
21545,1.024111,30.50213,25.00854,0.8005914
21546,1.024111,30.50213,25.00854,0.8005914
21567,1.01314,30.27115,20.81875,0.6788227
21568,1.01314,30.27115,20.81875,0.6788227
21570,1.01314,30.27115,20.81875,0.6788227
21571,1.01314,30.27115,20.81875,0.6788227
21572,1.01314,30.27115,20.81875,0.6788227
21573,1.01314,30.27115,20.81875,0.6788227
21574,1.01314,30.27115,20.81875,0.6788227
21575,1.01314,30.27115,20.81875,0.6788227
21576,1.01314,30.27115,20.81875,0.6788227
21579,0.9978807,22.15638,15.84187,0.7165212
21581,0.9978807,22.15638,15.84187,0.7165212
21582,0.9978807,22.15638,15.84187,0.7165212
21640,1.021488,28.141820000000003,20.01644,0.6963078
21642,1.021488,28.141820000000003,20.01644,0.6963078
21643,1.021488,28.141820000000003,20.01644,0.6963078
21644,1.021488,28.141820000000003,20.01644,0.6963078
21645,1.021488,28.141820000000003,20.01644,0.6963078
21646,1.021488,28.141820000000003,20.01644,0.6963078
21647,1.021488,28.141820000000003,20.01644,0.6963078
21725,1.022215,28.83835,20.40725,0.6922641
21726,1.022215,28.83835,20.40725,0.6922641
21727,1.022215,28.83835,20.40725,0.6922641
21728,1.022215,28.83835,20.40725,0.6922641
21729,1.022215,28.83835,20.40725,0.6922641
21730,1.022215,28.83835,20.40725,0.6922641
21731,1.022215,28.83835,20.40725,0.6922641
21732,1.022215,28.83835,20.40725,0.6922641
21735,1.022215,28.83835,20.40725,0.6922641
21736,1.022215,28.83835,20.40725,0.6922641
21737,1.022215,28.83835,20.40725,0.6922641
21738,1.022215,28.83835,20.40725,0.6922641
21739,1.022215,28.83835,20.40725,0.6922641
21779,1.02199,28.62159,20.28508,0.6934836
21815,,,,
21816,1.113053,30.45437,25.65232,0.7567653
22052,1.022387,29.00568,20.50515,0.691456
22053,1.022387,29.00568,20.50515,0.691456
22070,1.022215,28.83835,20.40725,0.6922641
22071,1.022215,28.83835,20.40725,0.6922641
22072,1.022215,28.83835,20.40725,0.6922641
22073,1.022215,28.83835,20.40725,0.6922641
22074,1.022215,28.83835,20.40725,0.6922641
22076,1.015028,29.83966,23.26008,0.7679609
22077,1.015028,29.83966,23.26008,0.7679609
22078,1.015028,29.83966,23.26008,0.7679609
22079,1.015028,29.83966,23.26008,0.7679609
22080,1.015028,29.83966,23.26008,0.7679609
22083,1.015028,29.83966,23.26008,0.7679609
22085,1.015028,29.83966,23.26008,0.7679609
22111,1.022387,29.00568,20.50515,0.691456
22112,1.022387,29.00568,20.50515,0.691456
22113,1.022387,29.00568,20.50515,0.691456
22114,1.022387,29.00568,20.50515,0.691456
22115,1.022387,29.00568,20.50515,0.691456
22116,1.022387,29.00568,20.50515,0.691456
22118,1.022387,29.00568,20.50515,0.691456
22120,1.022387,29.00568,20.50515,0.691456
22121,1.022387,29.00568,20.50515,0.691456
22122,1.022387,29.00568,20.50515,0.691456
22181,1.022215,28.83835,20.40725,0.6922641
22182,1.022215,28.83835,20.40725,0.6922641
22183,1.022215,28.83835,20.40725,0.6922641
22184,1.022215,28.83835,20.40725,0.6922641
22185,1.022215,28.83835,20.40725,0.6922641
22186,1.022215,28.83835,20.40725,0.6922641
22187,1.022215,28.83835,20.40725,0.6922641
22188,1.022215,28.83835,20.40725,0.6922641
22189,1.022215,28.83835,20.40725,0.6922641
22192,1.022214,32.08686,22.45787,0.6846986
22193,1.022214,32.08686,22.45787,0.6846986
22331,1.018202,29.46651,23.8564,0.7951374
22332,1.018202,29.46651,23.8564,0.7951374
22333,1.018202,29.46651,23.8564,0.7951374
22418,1.022387,29.00568,20.50515,0.691456
22487,1.003683,27.35866,21.7584,0.7923835
22489,1.003683,27.35866,21.7584,0.7923835
22491,1.003683,27.35866,21.7584,0.7923835
22502,1.014515,28.83844,20.61813,0.704724
22505,1.014515,28.83844,20.61813,0.704724
22506,1.014515,28.83844,20.61813,0.704724
22633,1.01302,28.62169,20.49662,0.7069178
22634,1.01302,28.62169,20.49662,0.7069178
22636,1.01302,28.62169,20.49662,0.7069178
22679,1.014076,27.57784,21.03568,0.7521866
22680,1.014076,27.57784,21.03568,0.7521866
22681,1.014076,27.57784,21.03568,0.7521866
23025,1.023159,29.627910000000004,24.1101,0.7953436
23026,1.023159,29.627910000000004,24.1101,0.7953436
23058,1.022387,29.00568,20.50515,0.691456
23104,1.000895,26.98723,20.88106,0.7730471
23105,1.000895,26.98723,20.88106,0.7730471
23106,1.000895,26.98723,20.88106,0.7730471
23107,1.000895,26.98723,20.88106,0.7730471
23108,1.000895,26.98723,20.88106,0.7730471
23109,1.000895,26.98723,20.88106,0.7730471
23139,1.022387,29.00568,20.50515,0.691456
23302,1.010435,24.61377,17.58688,0.7071348
23303,1.010435,24.61377,17.58688,0.7071348
23304,1.010435,24.61377,17.58688,0.7071348
23305,1.010435,24.61377,17.58688,0.7071348
23307,1.006752,31.11623,23.94323,0.7643164
23338,1.022215,28.83835,20.40725,0.6922641
23340,0.985377,21.134,14.9681,0.7187578
23341,0.985377,21.134,14.9681,0.7187578
23342,0.985377,21.134,14.9681,0.7187578
23343,0.985377,21.134,14.9681,0.7187578
23345,0.9990028,26.4963,18.43542,0.6964676
23346,0.9990028,26.4963,18.43542,0.6964676
23347,0.9990028,26.4963,18.43542,0.6964676
23348,0.9990028,26.4963,18.43542,0.6964676
23350,1.113208,8.608372,7.499589,0.7826004
23351,1.113208,8.608372,7.499589,0.7826004
23352,1.113208,8.608372,7.499589,0.7826004
23353,1.113208,8.608372,7.499589,0.7826004
23354,1.113208,8.608372,7.499589,0.7826004
23355,0.985377,21.134,14.9681,0.7187578
23356,0.985377,21.134,14.9681,0.7187578
23357,0.985377,21.134,14.9681,0.7187578
23359,0.985377,21.134,14.9681,0.7187578
23526,1.008157,25.32647,19.99476,0.7830932
23646,0.9995052,29.80202,22.78973,0.7650825
23647,0.9995052,29.80202,22.78973,0.7650825
23679,1.014643,26.74188,21.09889,0.7775966
23680,1.022508,26.682170000000003,18.43705,0.6757772
23681,1.035415,28.995870000000004,16.64696,0.5544777
23682,1.034239,23.14149,12.4521,0.520272
23683,,,,
23685,1.02048,32.52834,18.49302,0.5571103
23844,1.022387,29.00568,20.50515,0.691456
23845,1.022387,29.00568,20.50515,0.691456
24010,1.003871,26.06188,18.0259,0.6889906
24011,1.019048,32.08708,23.19132,0.7092519
24012,1.019048,32.08708,23.19132,0.7092519
24013,1.019048,32.08708,23.19132,0.7092519
24126,1.022387,29.00568,20.50515,0.691456
24127,1.022387,29.00568,20.50515,0.691456
24128,1.022387,29.00568,20.50515,0.691456
24129,1.022387,29.00568,20.50515,0.691456
24209,1.031764,33.61387,27.41232,0.7904001
24285,1.02906,31.02617,25.30751,0.7926483
24368,1.014205,22.02258,14.24511,0.6377816
24369,1.01156,29.23901,20.35724,0.688279
24370,1.01156,29.23901,20.35724,0.688279
24371,1.01156,29.23901,20.35724,0.688279
24372,1.01156,29.23901,20.35724,0.688279
24388,1.02199,28.62159,20.28508,0.6934836
24389,1.021128,28.60161,22.43899,0.7683034
24390,1.021128,28.60161,22.43899,0.7683034
24391,1.043469,34.07561,17.24803,0.4850834
24465,1.022632,29.054450000000003,23.66235,0.7963905
24507,1.02199,28.62159,20.28508,0.6934836
24509,1.02199,28.62159,20.28508,0.6934836
24582,1.022387,29.00568,20.50515,0.691456
24588,1.022387,29.00568,20.50515,0.691456
24704,1.022387,29.00568,20.50515,0.691456
24705,1.022387,29.00568,20.50515,0.691456
24706,1.022387,29.00568,20.50515,0.691456
24707,1.022387,29.00568,20.50515,0.691456
24709,1.022387,29.00568,20.50515,0.691456
24710,1.022387,29.00568,20.50515,0.691456
24713,1.022387,29.00568,20.50515,0.691456
24714,1.022387,29.00568,20.50515,0.691456
24717,1.022387,29.00568,20.50515,0.691456
24969,1.022215,28.83835,20.40725,0.6922641
24986,1.021869,33.054590000000005,23.02245,0.6815923
24988,1.021869,33.054590000000005,23.02245,0.6815923
24989,1.021869,33.054590000000005,23.02245,0.6815923
24990,1.021869,33.054590000000005,23.02245,0.6815923
24991,1.021869,33.054590000000005,23.02245,0.6815923
25161,1.022387,29.00568,20.50515,0.691456
25162,1.022387,29.00568,20.50515,0.691456
25230,1.008514,25.56311,20.08283,0.7789858
25232,1.008514,25.56311,20.08283,0.7789858
25234,1.008514,25.56311,20.08283,0.7789858
25291,1.022215,28.83835,20.40725,0.6922641
25293,1.022215,28.83835,20.40725,0.6922641
25300,1.022215,28.83835,20.40725,0.6922641
25301,1.022215,28.83835,20.40725,0.6922641
25340,1.020597,31.5615,22.06944,0.6851403
25341,1.023342,31.73775,22.09162,0.6801907
25342,1.020937,26.14505,18.83171,0.7055073
25345,1.023342,31.73775,22.09162,0.6801907
25346,1.020937,26.14505,18.83171,0.7055073
25673,1.022387,29.00568,20.50515,0.691456
25675,1.022387,29.00568,20.50515,0.691456
25844,1.021679,28.88982,20.45747,0.6930944
25845,1.021679,28.88982,20.45747,0.6930944
26269,1.003683,26.44607,20.61505,0.7766526
26523,1.022384,29.00265,20.5034,0.6914715
26524,1.022384,29.00265,20.5034,0.6914715
26633,1.008589,25.62254,20.12844,0.7788856
26690,1.021717,28.36072,20.1389,0.6950052
26691,1.021717,28.36072,20.1389,0.6950052
26950,1.013247,28.83846,20.62627,0.7058839
26951,1.013247,28.83846,20.62627,0.7058839
26954,1.013247,28.83846,20.62627,0.7058839
26955,1.013247,28.83846,20.62627,0.7058839
26956,1.013247,28.83846,20.62627,0.7058839
26957,1.013247,28.83846,20.62627,0.7058839
27118,1.007954,30.3236,22.60202,0.7394787
27119,1.007954,30.3236,22.60202,0.7394787
27123,1.007954,30.3236,22.60202,0.7394787
27124,1.007954,30.3236,22.60202,0.7394787
27125,1.007954,30.3236,22.60202,0.7394787
27126,1.007954,30.3236,22.60202,0.7394787
27416,0.9694625,23.28702,17.395,0.770512
27419,0.9694625,23.28702,17.395,0.770512
27464,1.022534,29.14615,20.58835,0.6908162
27595,1.029192,33.13248,27.06488,0.7936989
27597,1.029192,33.13248,27.06488,0.7936989
27603,1.011397,31.74284,26.29321,0.8189848
27634,1.022387,29.00568,20.50515,0.691456
27635,,,,
27743,1.031622,32.24382,22.698,0.6823709
27745,1.031622,32.24382,22.698,0.6823709
27747,1.031622,32.24382,22.698,0.6823709
27748,1.031622,32.24382,22.698,0.6823709
27749,1.031622,32.24382,22.698,0.6823709
27852,1.034096,34.84642,27.80725,0.7716833
27853,1.034096,34.84642,27.80725,0.7716833
27854,1.034096,34.84642,27.80725,0.7716833
27855,1.034096,34.84642,27.80725,0.7716833
27856,1.034096,34.84642,27.80725,0.7716833
27859,1.034096,34.84642,27.80725,0.7716833
27972,1.021819,28.458890000000004,20.19359,0.6944188
27973,1.021819,28.458890000000004,20.19359,0.6944188
27974,1.021819,28.458890000000004,20.19359,0.6944188
27975,1.021819,28.458890000000004,20.19359,0.6944188
27976,1.021819,28.458890000000004,20.19359,0.6944188
28007,1.005265,32.47403,25.61821,0.7847512
28169,1.01111,29.66758,20.61236,0.6871435
28170,0.9866496,23.13562,16.18675,0.7091132
28172,0.9835799,18.91105,13.5765,0.7298982
28252,1.03307,27.04821,21.12269,0.7559288
28253,1.03307,27.04821,21.12269,0.7559288
28255,1.03307,27.04821,21.12269,0.7559288
28256,1.03307,27.04821,21.12269,0.7559288
28258,1.03307,27.04821,21.12269,0.7559288
28259,1.03307,27.04821,21.12269,0.7559288
28260,1.03307,27.04821,21.12269,0.7559288
28261,1.03307,27.04821,21.12269,0.7559288
28262,1.03307,27.04821,21.12269,0.7559288
28263,1.03307,27.04821,21.12269,0.7559288
28266,1.03307,27.04821,21.12269,0.7559288
28267,1.03307,27.04821,21.12269,0.7559288
28328,0.9955667,27.70541,21.2127,0.7690615
28330,0.9955667,27.70541,21.2127,0.7690615
28366,1.012198,29.66502,22.4075,0.7462481
28367,1.012198,29.66502,22.4075,0.7462481
28368,1.012198,29.66502,22.4075,0.7462481
28370,1.012198,29.66502,22.4075,0.7462481
28371,1.012198,29.66502,22.4075,0.7462481
28372,1.012198,29.66502,22.4075,0.7462481
28403,1.028562,25.387880000000003,21.16109,0.8103661
28405,1.028562,25.387880000000003,21.16109,0.8103661
28406,1.028562,25.387880000000003,21.16109,0.8103661
28407,1.028562,25.387880000000003,21.16109,0.8103661
28408,1.028562,25.387880000000003,21.16109,0.8103661
28409,1.028562,25.387880000000003,21.16109,0.8103661
28430,1.020035,29.0057,20.5985,0.6962052
28432,1.020035,29.0057,20.5985,0.6962052
28464,1.022215,28.83835,20.40725,0.6922641
28465,1.022215,28.83835,20.40725,0.6922641
28466,1.022215,28.83835,20.40725,0.6922641
28467,1.022215,28.83835,20.40725,0.6922641
28480,1.022387,29.00568,20.50515,0.691456
28483,1.022387,29.00568,20.50515,0.691456
28484,1.022387,29.00568,20.50515,0.691456
28485,1.022387,29.00568,20.50515,0.691456
28486,1.022387,29.00568,20.50515,0.691456
28487,1.022387,29.00568,20.50515,0.691456
28488,1.022387,29.00568,20.50515,0.691456
28489,1.022387,29.00568,20.50515,0.691456
28491,1.022387,29.00568,20.50515,0.691456
28580,1.022698,28.62047,20.19981,0.6901173
28619,1.021665,28.310340000000004,20.1113,0.6953228
28625,1.021665,28.310340000000004,20.1113,0.6953228
28804,1.021488,28.141820000000003,20.01644,0.6963078
28812,1.013405,26.98732,20.62722,0.7542199
28943,1.013422,29.00578,20.72573,0.7050747
29091,0.9980396,28.29685,21.56292,0.7635223
29221,1.02604,31.78671,25.75456,0.7896677
29224,1.02604,31.78671,25.75456,0.7896677
29225,1.02604,31.78671,25.75456,0.7896677
29226,1.02604,31.78671,25.75456,0.7896677
29227,1.02604,31.78671,25.75456,0.7896677
29228,1.02604,31.78671,25.75456,0.7896677
29258,1.012866,24.11313,20.25,0.829124
29268,1.022387,29.00568,20.50515,0.691456
29271,1.022387,29.00568,20.50515,0.691456
29446,1.022387,29.00568,20.50515,0.691456
29447,1.022387,29.00568,20.50515,0.691456
29449,1.022387,29.00568,20.50515,0.691456
29561,1.02653,28.866750000000003,23.72452,0.8006227
29562,1.02653,28.866750000000003,23.72452,0.8006227
29564,1.02653,28.866750000000003,23.72452,0.8006227
29657,1.022387,29.00568,20.50515,0.691456
29870,1.021676,31.591520000000003,22.20996,0.68812
29872,1.021676,31.591520000000003,22.20996,0.68812
30368,1.022387,29.00568,20.50515,0.691456
30417,1.022387,29.00568,20.50515,0.691456
30418,1.022387,29.00568,20.50515,0.691456
30419,1.022387,29.00568,20.50515,0.691456
30420,1.022387,29.00568,20.50515,0.691456
30456,1.022387,29.00568,20.50515,0.691456
30725,1.022387,29.00568,20.50515,0.691456
31082,1.022076,28.1613,20.00146,0.6949056
31083,1.022076,28.1613,20.00146,0.6949056
31084,1.022076,28.1613,20.00146,0.6949056
31085,1.022076,28.1613,20.00146,0.6949056
31087,1.022076,28.1613,20.00146,0.6949056
31088,1.021488,28.141820000000003,20.01644,0.6963078
31089,1.034254,36.0833,25.07204,0.6718249
31090,1.03248,29.53737,21.15409,0.6936507
31185,1.008514,25.56311,20.08283,0.7789858
31186,1.008514,25.56311,20.08283,0.7789858
31187,1.008514,25.56311,20.08283,0.7789858
31188,1.008514,25.56311,20.08283,0.7789858
31189,1.008514,25.56311,20.08283,0.7789858
31191,1.008514,25.56311,20.08283,0.7789858
31193,1.008514,25.56311,20.08283,0.7789858
31194,1.008514,25.56311,20.08283,0.7789858
31195,1.008514,25.56311,20.08283,0.7789858
31196,1.008514,25.56311,20.08283,0.7789858
31197,1.008514,25.56311,20.08283,0.7789858
31198,1.008514,25.56311,20.08283,0.7789858
31323,1.012343,27.40414,21.48445,0.7744266
31324,1.012343,27.40414,21.48445,0.7744266
31325,1.011437,27.35846,21.43249,0.7745372
31351,1.001962,26.447160000000004,20.07614,0.7576177
31355,1.001962,26.447160000000004,20.07614,0.7576177
31356,1.001962,26.447160000000004,20.07614,0.7576177
31357,1.001962,26.447160000000004,20.07614,0.7576177
31363,1.001962,26.447160000000004,20.07614,0.7576177
31364,1.001962,26.447160000000004,20.07614,0.7576177
31365,1.001962,26.447160000000004,20.07614,0.7576177
31366,1.001962,26.447160000000004,20.07614,0.7576177
31368,1.001962,26.447160000000004,20.07614,0.7576177
31369,1.001962,26.447160000000004,20.07614,0.7576177
31407,1.015217,29.00575,20.71087,0.7033239
31408,1.021155,29.00569,20.55655,0.6940253
31425,1.032799,32.06976,22.80432,0.6885027
31426,1.032799,32.06976,22.80432,0.6885027
31635,1.008883,25.89771,20.33669,0.7783557
31652,1.017303,30.80581,24.58326,0.7844346
31653,1.017303,30.80581,24.58326,0.7844346
31654,1.017303,30.80581,24.58326,0.7844346
31655,1.017303,30.80581,24.58326,0.7844346
31676,1.012785,26.29324,18.49981,0.6947137
31677,1.012785,26.29324,18.49981,0.6947137
31678,1.012785,26.29324,18.49981,0.6947137
32098,1.018537,32.47371,25.16805,0.7609233
32154,1.022765,29.20046,23.77536,0.7960887
32156,1.022387,29.00568,20.50515,0.691456
32165,1.022534,29.14615,20.58835,0.6908162
32263,1.022215,28.83835,20.40725,0.6922641
32940,1.032,33.77525,27.44622,0.7874159
32948,1.032,33.77525,27.44622,0.7874159
32949,1.032,33.77525,27.44622,0.7874159
32951,1.032,33.77525,27.44622,0.7874159
32991,1.023813,27.70961,18.95634,0.6681953
32992,1.033392,32.72862,19.83833,0.58656
33273,1.0256,31.74255,25.77408,0.7917048
33274,1.106875,34.56473,28.11308,0.7348127
33457,1.02095,27.54737,22.4571,0.7984893
33458,1.02095,27.54737,22.4571,0.7984893
33459,1.0256,31.74255,25.77408,0.7917048
33460,1.0256,31.74255,25.77408,0.7917048
33462,1.016829,31.08691,24.16834,0.7645772
33465,1.022215,28.83835,20.40725,0.6922641
33466,1.022215,28.83835,20.40725,0.6922641
33772,1.022215,28.83835,20.40725,0.6922641
33773,1.022215,28.83835,20.40725,0.6922641
33774,1.022215,28.83835,20.40725,0.6922641
33775,1.022215,28.83835,20.40725,0.6922641
33776,1.022215,28.83835,20.40725,0.6922641
33777,1.022215,28.83835,20.40725,0.6922641
33778,1.022215,28.83835,20.40725,0.6922641
33782,1.022215,28.83835,20.40725,0.6922641
33783,1.022215,28.83835,20.40725,0.6922641
33784,1.022215,28.83835,20.40725,0.6922641
33786,1.022215,28.83835,20.40725,0.6922641
33787,1.022215,28.83835,20.40725,0.6922641
33808,1.022215,28.83835,20.40725,0.6922641
33989,1.022215,28.83835,20.40725,0.6922641
33990,1.022215,28.83835,20.40725,0.6922641
33991,1.022215,28.83835,20.40725,0.6922641
33992,1.022215,28.83835,20.40725,0.6922641
33993,1.022215,28.83835,20.40725,0.6922641
33994,1.022215,28.83835,20.40725,0.6922641
33996,1.022215,28.83835,20.40725,0.6922641
33998,1.022215,28.83835,20.40725,0.6922641
33999,1.022215,28.83835,20.40725,0.6922641
34293,1.016764,25.62194,20.24289,0.7770344
34335,1.008514,25.56311,20.08283,0.7789858
34336,1.008514,25.56311,20.08283,0.7789858
34337,1.008514,25.56311,20.08283,0.7789858
34338,1.008514,25.56311,20.08283,0.7789858
34339,1.008514,25.56311,20.08283,0.7789858
34341,1.008514,25.56311,20.08283,0.7789858
34456,1.022215,28.83835,20.40725,0.6922641
34794,1.021665,28.310340000000004,20.1113,0.6953228
34797,1.021665,28.310340000000004,20.1113,0.6953228
35040,1.022215,28.83835,20.40725,0.6922641
35065,1.021411,27.54255,19.64939,0.6984649
35066,1.021985,26.157960000000003,18.77,0.7021275
35067,1.021411,27.54255,19.64939,0.6984649
35068,1.021985,26.157960000000003,18.77,0.7021275
35157,1.019912,30.66249,24.63125,0.7876188
35158,1.012698,26.29023,18.51853,0.6955562
35159,1.019912,30.66249,24.63125,0.7876188
35160,1.012698,26.29023,18.51853,0.6955562
35170,1.02199,28.62159,20.28508,0.6934836
35173,1.014806,26.05382,18.93117,0.7160165
35174,1.02199,28.62159,20.28508,0.6934836
35175,1.011068,25.12735,17.89792,0.7044911
35176,1.02199,28.62159,20.28508,0.6934836
35179,1.01123,28.93447,20.18513,0.6898681
35180,1.02199,28.62159,20.28508,0.6934836
35191,1.022215,28.83835,20.40725,0.6922641
35192,1.022215,28.83835,20.40725,0.6922641
35194,1.022215,28.83835,20.40725,0.6922641
35317,1.013422,29.00578,20.72573,0.7050747
35343,1.022387,29.00568,20.50515,0.691456
35451,1.014562,27.35841,21.2407,0.7652431
35452,1.014562,27.35841,21.2407,0.7652431
35453,1.022534,29.14615,20.58835,0.6908162
35465,1.011331,30.69127,22.68544,0.7308682
35469,1.011331,30.69127,22.68544,0.7308682
35473,1.011331,30.69127,22.68544,0.7308682
35477,1.011331,30.69127,22.68544,0.7308682
35516,1.022387,29.00568,20.50515,0.691456
35517,1.021807,28.44566,20.187,0.6945236
35664,1.022387,29.00568,20.50515,0.691456
35756,1.022387,29.00568,20.50515,0.691456
35758,1.010367,28.14007,19.73405,0.694084
35849,1.022215,28.83835,20.40725,0.6922641
35858,1.03359,34.45745,24.18902,0.679183
35860,1.03359,34.45745,24.18902,0.679183
35861,1.03359,34.45745,24.18902,0.679183
35862,1.03359,34.45745,24.18902,0.679183
35863,1.03359,34.45745,24.18902,0.679183
35905,1.009737,28.83853,20.60467,0.7075942
35983,1.022215,28.83835,20.40725,0.6922641
35984,1.022215,28.83835,20.40725,0.6922641
36100,1.013405,26.98732,20.62722,0.7542199
36300,1.02187,28.50758,20.22104,0.6941406
36302,1.02187,28.50758,20.22104,0.6941406
36303,1.02187,28.50758,20.22104,0.6941406
36304,1.02187,28.50758,20.22104,0.6941406
36305,1.02187,28.50758,20.22104,0.6941406
36306,1.02187,28.50758,20.22104,0.6941406
36307,1.02187,28.50758,20.22104,0.6941406
36308,1.02187,28.50758,20.22104,0.6941406
36309,1.02187,28.50758,20.22104,0.6941406
36310,1.02187,28.50758,20.22104,0.6941406
36311,1.02187,28.50758,20.22104,0.6941406
36386,1.022387,29.00568,20.50515,0.691456
36387,1.022387,29.00568,20.50515,0.691456
36466,1.021488,28.141820000000003,20.01644,0.6963078
36564,1.01088,26.32154,18.6322,0.7002501
36565,1.022215,28.83835,20.40725,0.6922641
36566,1.022215,28.83835,20.40725,0.6922641
36567,1.022215,28.83835,20.40725,0.6922641
36568,1.022215,28.83835,20.40725,0.6922641
36625,1.022387,29.00568,20.50515,0.691456
36626,1.022387,29.00568,20.50515,0.691456
36638,1.022534,29.14615,20.58835,0.6908162
36753,1.022003,31.712470000000003,22.16488,0.6838853
36754,1.022003,31.712470000000003,22.16488,0.6838853
36755,1.022003,31.712470000000003,22.16488,0.6838853
36756,1.022003,31.712470000000003,22.16488,0.6838853
36757,1.022003,31.712470000000003,22.16488,0.6838853
36982,,,,
37054,1.020585,27.34559,22.29101,0.7987173
37055,1.020585,27.34559,22.29101,0.7987173
37056,1.020585,27.34559,22.29101,0.7987173
37058,1.020585,27.34559,22.29101,0.7987173
37060,1.020585,27.34559,22.29101,0.7987173
37061,1.020585,27.34559,22.29101,0.7987173
37062,1.020585,27.34559,22.29101,0.7987173
37063,1.020585,27.34559,22.29101,0.7987173
37064,1.020585,27.34559,22.29101,0.7987173
37065,1.020585,27.34559,22.29101,0.7987173
37066,1.020585,27.34559,22.29101,0.7987173
37067,1.020585,27.34559,22.29101,0.7987173
37068,1.020585,27.34559,22.29101,0.7987173
37069,1.020585,27.34559,22.29101,0.7987173
37070,1.020585,27.34559,22.29101,0.7987173
37071,1.020585,27.34559,22.29101,0.7987173
37072,1.020585,27.34559,22.29101,0.7987173
37073,1.020585,27.34559,22.29101,0.7987173
37075,1.020585,27.34559,22.29101,0.7987173
37077,1.020585,27.34559,22.29101,0.7987173
37078,1.020585,27.34559,22.29101,0.7987173
37079,1.020585,27.34559,22.29101,0.7987173
37080,1.020585,27.34559,22.29101,0.7987173
37081,1.020585,27.34559,22.29101,0.7987173
37082,1.020585,27.34559,22.29101,0.7987173
37083,1.020585,27.34559,22.29101,0.7987173
37084,1.020585,27.34559,22.29101,0.7987173
37085,1.020585,27.34559,22.29101,0.7987173
37087,1.020585,27.34559,22.29101,0.7987173
37088,1.020585,27.34559,22.29101,0.7987173
37089,1.020585,27.34559,22.29101,0.7987173
37090,1.020585,27.34559,22.29101,0.7987173
37091,1.020585,27.34559,22.29101,0.7987173
37092,1.020585,27.34559,22.29101,0.7987173
37093,1.020585,27.34559,22.29101,0.7987173
37096,1.020585,27.34559,22.29101,0.7987173
37097,1.020585,27.34559,22.29101,0.7987173
37100,1.020585,27.34559,22.29101,0.7987173
37102,1.020585,27.34559,22.29101,0.7987173
37214,1.013257,26.861200000000004,20.53947,0.7546475
37217,1.013257,26.861200000000004,20.53947,0.7546475
37220,1.013257,26.861200000000004,20.53947,0.7546475
37328,1.022387,29.00568,20.50515,0.691456
37330,1.022387,29.00568,20.50515,0.691456
37408,1.025257,24.64696,18.25409,0.7223773
37600,1.015538,28.36079,20.31133,0.7052191
37601,1.015538,28.36079,20.31133,0.7052191
37726,1.022387,29.00568,20.50515,0.691456
37727,1.022387,29.00568,20.50515,0.691456
37789,1.040009,33.23113,25.86608,0.7484249
37790,1.045583,36.53033,25.84777,0.6767229
37890,1.001822,26.094240000000003,20.36016,0.7788359
37894,1.001822,26.094240000000003,20.36016,0.7788359
37898,1.001822,26.094240000000003,20.36016,0.7788359
37973,1.031321,25.93907,18.87621,0.7056131
38487,1.016364,28.16624,22.81731,0.7970513
38488,1.016364,28.16624,22.81731,0.7970513
38489,1.016364,28.16624,22.81731,0.7970513
38778,1.020312,27.03757,22.05042,0.7993118
38779,1.011437,27.35846,21.43249,0.7745372
38780,1.018677,28.21559,20.80638,0.7238875
38782,1.011437,27.35846,21.43249,0.7745372
38810,1.014566,26.91648,21.826,0.7992371
38812,1.014566,26.91648,21.826,0.7992371
38826,1.010764,23.66972,16.99361,0.7103011
38827,1.010764,23.66972,16.99361,0.7103011
38828,1.010764,23.66972,16.99361,0.7103011
38829,1.010764,23.66972,16.99361,0.7103011
38831,1.010764,23.66972,16.99361,0.7103011
38832,1.010764,23.66972,16.99361,0.7103011
38833,1.010764,23.66972,16.99361,0.7103011
38834,1.010764,23.66972,16.99361,0.7103011
38836,1.010764,23.66972,16.99361,0.7103011
38839,,,,
39141,1.021488,28.141820000000003,20.01644,0.6963078
39161,1.026225,32.44604,26.32153,0.7905088
39163,1.026225,32.44604,26.32153,0.7905088
39222,1.022215,28.83835,20.40725,0.6922641
39223,1.022215,28.83835,20.40725,0.6922641
39350,1.018979,29.005720000000004,20.63254,0.6980775
39392,1.009815,25.87823,18.34555,0.7020275
39393,1.009815,25.87823,18.34555,0.7020275
39433,1.019118,28.14185,20.10472,0.7010052
39700,1.022534,29.14615,20.58835,0.6908162
39701,1.022534,29.14615,20.58835,0.6908162
39703,1.022534,29.14615,20.58835,0.6908162
39887,1.021293,25.05049,18.09442,0.7072586
39888,1.021293,25.05049,18.09442,0.7072586
39889,1.021293,25.05049,18.09442,0.7072586
40018,1.005026,26.31889,20.565,0.7774707
40019,1.005026,26.31889,20.565,0.7774707
40040,1.031899,30.95529,25.33761,0.7932201
40497,1.021787,30.92016,21.65717,0.685488
41204,1.018951,29.00587,20.65489,0.6988494
41237,1.022387,29.00568,20.50515,0.691456
41238,1.022387,29.00568,20.50515,0.691456
41251,1.009509,28.62177,20.47574,0.7086521
41279,1.022387,29.00568,20.50515,0.691456
41325,1.022215,28.83835,20.40725,0.6922641
41326,1.022387,29.00568,20.50515,0.691456
41327,1.022387,29.00568,20.50515,0.691456
41328,1.022387,29.00568,20.50515,0.691456
41350,1.022387,29.00568,20.50515,0.691456
41367,1.022387,29.00568,20.50515,0.691456
41538,1.008529,23.77876,18.44672,0.7692037
41539,1.008529,23.77876,18.44672,0.7692037
41540,1.008529,23.77876,18.44672,0.7692037
41541,1.008529,23.77876,18.44672,0.7692037
41678,0.9802383,22.62678,16.59093,0.7480251
41746,1.001888,25.07804,17.96202,0.7148952
41747,1.001888,25.07804,17.96202,0.7148952
41748,1.001888,25.07804,17.96202,0.7148952
41749,1.001888,25.07804,17.96202,0.7148952
41823,1.015694,28.50765,20.3997,0.7045301
41876,0.997934,21.37833,15.35036,0.7195201
41908,0.9977177,29.25524,21.37163,0.7321945
42007,0.9988545,28.32018,20.94992,0.7406008
42008,0.9988545,28.32018,20.94992,0.7406008
42009,0.9988545,28.32018,20.94992,0.7406008
42123,1.008456,23.71619,18.40276,0.7694509
42173,1.022387,29.00568,20.50515,0.691456
42174,1.022387,29.00568,20.50515,0.691456
42175,1.022387,29.00568,20.50515,0.691456
